"1541348731170","GET","68","200"
"1541348731238","GET","68","200"
"1541348731306","GET","70","200"
"1541348731376","GET","68","200"
"1541348731444","GET","70","200"
"1541348731514","GET","69","200"
"1541348731583","GET","73","200"
"1541348731656","GET","74","200"
"1541348731730","GET","71","200"
"1541348731801","GET","64","200"
"1541348731865","GET","69","200"
"1541348731934","GET","72","200"
"1541348732006","GET","121","200"
"1541348732127","GET","77","200"
"1541348732204","GET","69","200"
"1541348732273","GET","72","200"
"1541348732345","GET","68","200"
"1541348732413","GET","70","200"
"1541348732483","GET","115","200"
"1541348735246","GET","69","200"
"1541348735315","GET","68","200"
"1541348735383","GET","113","200"
"1541348735496","GET","69","200"
"1541348735565","GET","74","200"
"1541348735639","GET","70","200"
"1541348735709","GET","96","200"
"1541348735805","GET","101","200"
"1541348735906","GET","66","200"
"1541348735972","GET","68","200"
"1541348736040","GET","66","200"
"1541348736106","GET","66","200"
"1541348736172","GET","67","200"
"1541348736239","GET","66","200"
"1541348736305","GET","68","200"
"1541348736373","GET","126","200"
"1541348736499","GET","67","200"
"1541348736566","GET","73","200"
"1541348736639","GET","69","200"
"1541348736709","GET","69","200"
"1541348736778","GET","72","200"
"1541348736850","GET","65","200"
"1541348736915","GET","110","200"
"1541348737025","GET","74","200"
"1541348737099","GET","66","200"
"1541348737165","GET","143","200"
"1541348737308","GET","68","200"
"1541348737376","GET","70","200"
"1541348737446","GET","83","200"
"1541348737529","GET","91","200"
"1541348737620","GET","69","200"
"1541348737689","GET","70","200"
"1541348737759","GET","70","200"
"1541348737829","GET","185","200"
"1541348738014","GET","65","200"
"1541348738079","GET","68","200"
"1541348738147","GET","75","200"
"1541348738222","GET","67","200"
"1541348738289","GET","77","200"
"1541348738366","GET","145","200"
"1541348738511","GET","67","200"
"1541348738578","GET","108","200"
"1541348738686","GET","68","200"
"1541348738754","GET","69","200"
"1541348738823","GET","67","200"
"1541348738890","GET","69","200"
"1541348738959","GET","64","200"
"1541348739023","GET","67","200"
"1541348739090","GET","73","200"
"1541348739163","GET","66","200"
"1541348739229","GET","69","200"
"1541348739298","GET","65","200"
"1541348739363","GET","70","200"
"1541348739434","GET","69","200"
"1541348739503","GET","69","200"
"1541348739572","GET","89","200"
"1541348739661","GET","71","200"
"1541348739732","GET","67","200"
"1541348739799","GET","67","200"
"1541348739866","GET","66","200"
"1541348739932","GET","68","200"
"1541348740000","GET","66","200"
"1541348740066","GET","66","200"
"1541348740132","GET","72","200"
"1541348740204","GET","70","200"
"1541348740274","GET","69","200"
"1541348740343","GET","68","200"
"1541348740411","GET","66","200"
"1541348740477","GET","70","200"
"1541348740547","GET","71","200"
"1541348740618","GET","73","200"
"1541348740691","GET","72","200"
"1541348740763","GET","66","200"
"1541348740829","GET","67","200"
"1541348740896","GET","75","200"
"1541348740971","GET","68","200"
"1541348741039","GET","84","200"
"1541348741123","GET","76","200"
"1541348741200","GET","70","200"
"1541348741270","GET","71","200"
"1541348741341","GET","69","200"
"1541348741410","GET","69","200"
"1541348741479","GET","66","200"
"1541348741545","GET","69","200"
"1541348741614","GET","74","200"
"1541348741688","GET","72","200"
"1541348741760","GET","96","200"
"1541348741856","GET","70","200"
"1541348741926","GET","68","200"
"1541348741995","GET","66","200"
"1541348742061","GET","72","200"
"1541348742133","GET","68","200"
"1541348742201","GET","65","200"
"1541348742267","GET","69","200"
"1541348742337","GET","65","200"
"1541348742402","GET","92","200"
"1541348742494","GET","68","200"
"1541348742562","GET","73","200"
"1541348742635","GET","67","200"
"1541348742703","GET","68","200"
"1541348735247","GET","71","200"
"1541348735318","GET","67","200"
"1541348735385","GET","64","200"
"1541348735449","GET","74","200"
"1541348735523","GET","86","200"
"1541348735609","GET","84","200"
"1541348735693","GET","69","200"
"1541348735762","GET","69","200"
"1541348735831","GET","71","200"
"1541348735902","GET","70","200"
"1541348735972","GET","67","200"
"1541348736039","GET","68","200"
"1541348736107","GET","69","200"
"1541348736176","GET","66","200"
"1541348736242","GET","93","200"
"1541348736335","GET","71","200"
"1541348736406","GET","65","200"
"1541348736472","GET","67","200"
"1541348736539","GET","69","200"
"1541348736608","GET","190","200"
"1541348736798","GET","78","200"
"1541348736876","GET","71","200"
"1541348736947","GET","78","200"
"1541348737025","GET","68","200"
"1541348737093","GET","131","200"
"1541348737224","GET","187","200"
"1541348737411","GET","68","200"
"1541348737479","GET","68","200"
"1541348737547","GET","165","200"
"1541348737712","GET","69","200"
"1541348737781","GET","129","200"
"1541348737910","GET","71","200"
"1541348737981","GET","75","200"
"1541348738056","GET","68","200"
"1541348738124","GET","85","200"
"1541348738209","GET","94","200"
"1541348738303","GET","66","200"
"1541348738369","GET","67","200"
"1541348738436","GET","67","200"
"1541348738504","GET","66","200"
"1541348738570","GET","71","200"
"1541348738641","GET","65","200"
"1541348738706","GET","68","200"
"1541348738774","GET","70","200"
"1541348738844","GET","67","200"
"1541348738911","GET","67","200"
"1541348738978","GET","72","200"
"1541348739050","GET","68","200"
"1541348739118","GET","67","200"
"1541348739185","GET","67","200"
"1541348739252","GET","68","200"
"1541348739320","GET","67","200"
"1541348739387","GET","67","200"
"1541348739454","GET","69","200"
"1541348739523","GET","65","200"
"1541348739588","GET","71","200"
"1541348739659","GET","69","200"
"1541348739728","GET","67","200"
"1541348739795","GET","66","200"
"1541348739861","GET","69","200"
"1541348739930","GET","67","200"
"1541348739997","GET","68","200"
"1541348740065","GET","129","200"
"1541348740194","GET","101","200"
"1541348740295","GET","68","200"
"1541348740363","GET","65","200"
"1541348740429","GET","72","200"
"1541348740501","GET","69","200"
"1541348740570","GET","79","200"
"1541348740649","GET","151","200"
"1541348740800","GET","66","200"
"1541348740866","GET","69","200"
"1541348740935","GET","67","200"
"1541348741002","GET","70","200"
"1541348741072","GET","66","200"
"1541348741138","GET","66","200"
"1541348741204","GET","71","200"
"1541348741275","GET","64","200"
"1541348741339","GET","72","200"
"1541348741411","GET","65","200"
"1541348741476","GET","65","200"
"1541348741541","GET","65","200"
"1541348741606","GET","97","200"
"1541348741703","GET","66","200"
"1541348741769","GET","78","200"
"1541348741847","GET","69","200"
"1541348741916","GET","69","200"
"1541348741985","GET","72","200"
"1541348742057","GET","68","200"
"1541348742125","GET","70","200"
"1541348742195","GET","68","200"
"1541348742263","GET","70","200"
"1541348742333","GET","73","200"
"1541348742406","GET","101","200"
"1541348742507","GET","68","200"
"1541348742575","GET","69","200"
"1541348742644","GET","68","200"
"1541348742712","GET","69","200"
"1541348742781","GET","70","200"
"1541348742851","GET","67","200"
"1541348735246","GET","69","200"
"1541348735315","GET","69","200"
"1541348735384","GET","67","200"
"1541348735451","GET","69","200"
"1541348735520","GET","71","200"
"1541348735591","GET","71","200"
"1541348735662","GET","70","200"
"1541348735732","GET","67","200"
"1541348735799","GET","70","200"
"1541348735869","GET","73","200"
"1541348735942","GET","71","200"
"1541348736013","GET","71","200"
"1541348736084","GET","120","200"
"1541348736204","GET","68","200"
"1541348736272","GET","64","200"
"1541348736336","GET","67","200"
"1541348736403","GET","66","200"
"1541348736469","GET","72","200"
"1541348736541","GET","68","200"
"1541348736609","GET","68","200"
"1541348736677","GET","68","200"
"1541348736745","GET","150","200"
"1541348736895","GET","117","200"
"1541348737012","GET","185","200"
"1541348737197","GET","111","200"
"1541348737308","GET","68","200"
"1541348737376","GET","68","200"
"1541348737444","GET","83","200"
"1541348737527","GET","68","200"
"1541348737595","GET","70","200"
"1541348737665","GET","158","200"
"1541348737823","GET","70","200"
"1541348737893","GET","69","200"
"1541348737962","GET","68","200"
"1541348738030","GET","67","200"
"1541348738097","GET","73","200"
"1541348738170","GET","68","200"
"1541348738238","GET","71","200"
"1541348738309","GET","70","200"
"1541348738379","GET","72","200"
"1541348738451","GET","71","200"
"1541348738522","GET","69","200"
"1541348738591","GET","72","200"
"1541348738663","GET","66","200"
"1541348738729","GET","69","200"
"1541348738798","GET","80","200"
"1541348738878","GET","127","200"
"1541348739005","GET","68","200"
"1541348739073","GET","73","200"
"1541348739146","GET","67","200"
"1541348739213","GET","89","200"
"1541348739302","GET","68","200"
"1541348739370","GET","71","200"
"1541348739441","GET","67","200"
"1541348739508","GET","65","200"
"1541348739573","GET","67","200"
"1541348739640","GET","72","200"
"1541348739712","GET","183","200"
"1541348739895","GET","68","200"
"1541348739963","GET","66","200"
"1541348740029","GET","68","200"
"1541348740097","GET","70","200"
"1541348740167","GET","67","200"
"1541348740234","GET","69","200"
"1541348740303","GET","64","200"
"1541348740367","GET","66","200"
"1541348740433","GET","73","200"
"1541348740506","GET","69","200"
"1541348740575","GET","68","200"
"1541348740643","GET","70","200"
"1541348740713","GET","89","200"
"1541348740802","GET","71","200"
"1541348740873","GET","67","200"
"1541348740940","GET","70","200"
"1541348741010","GET","68","200"
"1541348741078","GET","69","200"
"1541348741147","GET","69","200"
"1541348741216","GET","71","200"
"1541348741287","GET","66","200"
"1541348741353","GET","69","200"
"1541348741422","GET","68","200"
"1541348741490","GET","67","200"
"1541348741557","GET","76","200"
"1541348741633","GET","166","200"
"1541348741800","GET","68","200"
"1541348741868","GET","69","200"
"1541348741937","GET","70","200"
"1541348742007","GET","70","200"
"1541348742077","GET","68","200"
"1541348742145","GET","73","200"
"1541348742218","GET","72","200"
"1541348742290","GET","71","200"
"1541348742361","GET","67","200"
"1541348742428","GET","70","200"
"1541348742498","GET","70","200"
"1541348742568","GET","67","200"
"1541348742635","GET","70","200"
"1541348742705","GET","66","200"
"1541348742771","GET","68","200"
"1541348742839","GET","82","200"
"1541348735248","GET","65","200"
"1541348735313","GET","69","200"
"1541348735382","GET","69","200"
"1541348735451","GET","104","200"
"1541348735555","GET","69","200"
"1541348735624","GET","72","200"
"1541348735696","GET","68","200"
"1541348735764","GET","67","200"
"1541348735831","GET","68","200"
"1541348735899","GET","73","200"
"1541348735972","GET","67","200"
"1541348736039","GET","68","200"
"1541348736107","GET","64","200"
"1541348736171","GET","70","200"
"1541348736241","GET","67","200"
"1541348736308","GET","74","200"
"1541348736382","GET","71","200"
"1541348736453","GET","69","200"
"1541348736522","GET","69","200"
"1541348736591","GET","68","200"
"1541348736659","GET","66","200"
"1541348736725","GET","69","200"
"1541348736794","GET","67","200"
"1541348736861","GET","68","200"
"1541348736929","GET","166","200"
"1541348737095","GET","67","200"
"1541348737162","GET","134","200"
"1541348737296","GET","71","200"
"1541348737367","GET","67","200"
"1541348737434","GET","73","200"
"1541348737507","GET","65","200"
"1541348737572","GET","71","200"
"1541348737643","GET","74","200"
"1541348737717","GET","67","200"
"1541348737784","GET","65","200"
"1541348737849","GET","69","200"
"1541348737918","GET","70","200"
"1541348737988","GET","69","200"
"1541348738057","GET","144","200"
"1541348738201","GET","93","200"
"1541348738294","GET","118","200"
"1541348738412","GET","70","200"
"1541348738482","GET","67","200"
"1541348738549","GET","72","200"
"1541348738621","GET","72","200"
"1541348738693","GET","67","200"
"1541348738760","GET","69","200"
"1541348738829","GET","68","200"
"1541348738897","GET","69","200"
"1541348738966","GET","67","200"
"1541348739033","GET","70","200"
"1541348739103","GET","66","200"
"1541348739169","GET","69","200"
"1541348739238","GET","66","200"
"1541348739304","GET","70","200"
"1541348739374","GET","70","200"
"1541348739445","GET","76","200"
"1541348739521","GET","66","200"
"1541348739588","GET","71","200"
"1541348739659","GET","81","200"
"1541348739740","GET","75","200"
"1541348739815","GET","70","200"
"1541348739885","GET","68","200"
"1541348739953","GET","66","200"
"1541348740019","GET","100","200"
"1541348740119","GET","66","200"
"1541348740185","GET","77","200"
"1541348740262","GET","90","200"
"1541348740352","GET","66","200"
"1541348740418","GET","82","200"
"1541348740500","GET","77","200"
"1541348740577","GET","68","200"
"1541348740645","GET","69","200"
"1541348740714","GET","92","200"
"1541348740806","GET","65","200"
"1541348740871","GET","70","200"
"1541348740941","GET","151","200"
"1541348741092","GET","72","200"
"1541348741164","GET","76","200"
"1541348741240","GET","68","200"
"1541348741308","GET","66","200"
"1541348741374","GET","67","200"
"1541348741441","GET","70","200"
"1541348741511","GET","66","200"
"1541348741577","GET","188","200"
"1541348741765","GET","70","200"
"1541348741835","GET","69","200"
"1541348741904","GET","124","200"
"1541348742028","GET","96","200"
"1541348742124","GET","67","200"
"1541348742191","GET","77","200"
"1541348742268","GET","72","200"
"1541348742340","GET","66","200"
"1541348742406","GET","66","200"
"1541348742473","GET","70","200"
"1541348742543","GET","65","200"
"1541348742608","GET","72","200"
"1541348742680","GET","125","200"
"1541348742805","GET","108","200"
"1541348742913","GET","66","200"
"1541348735246","GET","70","200"
"1541348735316","GET","66","200"
"1541348735382","GET","70","200"
"1541348735452","GET","74","200"
"1541348735526","GET","68","200"
"1541348735594","GET","75","200"
"1541348735669","GET","111","200"
"1541348735780","GET","68","200"
"1541348735848","GET","73","200"
"1541348735921","GET","72","200"
"1541348735993","GET","69","200"
"1541348736062","GET","70","200"
"1541348736132","GET","69","200"
"1541348736201","GET","67","200"
"1541348736268","GET","71","200"
"1541348736339","GET","229","200"
"1541348736568","GET","70","200"
"1541348736638","GET","72","200"
"1541348736710","GET","98","200"
"1541348736808","GET","69","200"
"1541348736877","GET","68","200"
"1541348736945","GET","76","200"
"1541348737021","GET","68","200"
"1541348737089","GET","75","200"
"1541348737164","GET","74","200"
"1541348737238","GET","73","200"
"1541348737311","GET","125","200"
"1541348737436","GET","74","200"
"1541348737510","GET","67","200"
"1541348737577","GET","67","200"
"1541348737644","GET","75","200"
"1541348737719","GET","86","200"
"1541348737805","GET","72","200"
"1541348737877","GET","73","200"
"1541348737950","GET","70","200"
"1541348738020","GET","67","200"
"1541348738087","GET","65","200"
"1541348738152","GET","67","200"
"1541348738219","GET","68","200"
"1541348738288","GET","64","200"
"1541348738352","GET","68","200"
"1541348738420","GET","109","200"
"1541348738529","GET","68","200"
"1541348738597","GET","65","200"
"1541348738662","GET","72","200"
"1541348738734","GET","70","200"
"1541348738804","GET","69","200"
"1541348738873","GET","69","200"
"1541348738942","GET","69","200"
"1541348739011","GET","67","200"
"1541348739078","GET","68","200"
"1541348739146","GET","72","200"
"1541348739218","GET","71","200"
"1541348739289","GET","69","200"
"1541348739358","GET","66","200"
"1541348739424","GET","68","200"
"1541348739492","GET","68","200"
"1541348739560","GET","144","200"
"1541348739704","GET","66","200"
"1541348739770","GET","69","200"
"1541348739839","GET","152","200"
"1541348739991","GET","77","200"
"1541348740068","GET","66","200"
"1541348740134","GET","72","200"
"1541348740206","GET","105","200"
"1541348740311","GET","68","200"
"1541348740379","GET","76","200"
"1541348740455","GET","66","200"
"1541348740521","GET","104","200"
"1541348740625","GET","68","200"
"1541348740693","GET","68","200"
"1541348740761","GET","67","200"
"1541348740828","GET","175","200"
"1541348741003","GET","92","200"
"1541348741095","GET","68","200"
"1541348741163","GET","77","200"
"1541348741240","GET","68","200"
"1541348741308","GET","149","200"
"1541348741457","GET","104","200"
"1541348741561","GET","72","200"
"1541348741633","GET","74","200"
"1541348741707","GET","65","200"
"1541348741772","GET","74","200"
"1541348741846","GET","69","200"
"1541348741915","GET","68","200"
"1541348741983","GET","109","200"
"1541348742092","GET","67","200"
"1541348742159","GET","72","200"
"1541348742231","GET","68","200"
"1541348742299","GET","68","200"
"1541348742367","GET","68","200"
"1541348742435","GET","75","200"
"1541348742510","GET","65","200"
"1541348742576","GET","80","200"
"1541348742656","GET","65","200"
"1541348742721","GET","66","200"
"1541348742787","GET","68","200"
"1541348742855","GET","149","200"
"1541348743004","GET","66","200"
"1541348743070","GET","69","200"
"1541348735248","GET","69","200"
"1541348735317","GET","71","200"
"1541348735388","GET","124","200"
"1541348735512","GET","67","200"
"1541348735579","GET","69","200"
"1541348735648","GET","67","200"
"1541348735716","GET","70","200"
"1541348735786","GET","72","200"
"1541348735858","GET","137","200"
"1541348735995","GET","65","200"
"1541348736060","GET","67","200"
"1541348736127","GET","71","200"
"1541348736198","GET","67","200"
"1541348736265","GET","65","200"
"1541348736330","GET","70","200"
"1541348736400","GET","66","200"
"1541348736466","GET","67","200"
"1541348736533","GET","80","200"
"1541348736613","GET","66","200"
"1541348736679","GET","69","200"
"1541348736748","GET","155","200"
"1541348736903","GET","69","200"
"1541348736972","GET","69","200"
"1541348737041","GET","156","200"
"1541348737197","GET","67","200"
"1541348737264","GET","91","200"
"1541348737355","GET","67","200"
"1541348737422","GET","72","200"
"1541348737494","GET","70","200"
"1541348737564","GET","128","200"
"1541348737692","GET","67","200"
"1541348737759","GET","72","200"
"1541348737831","GET","71","200"
"1541348737902","GET","70","200"
"1541348737972","GET","67","200"
"1541348738039","GET","68","200"
"1541348738107","GET","105","200"
"1541348738212","GET","111","200"
"1541348738323","GET","69","200"
"1541348738392","GET","65","200"
"1541348738457","GET","67","200"
"1541348738524","GET","69","200"
"1541348738593","GET","130","200"
"1541348738723","GET","71","200"
"1541348738794","GET","101","200"
"1541348738895","GET","67","200"
"1541348738962","GET","68","200"
"1541348739030","GET","69","200"
"1541348739099","GET","64","200"
"1541348739163","GET","68","200"
"1541348739231","GET","65","200"
"1541348739296","GET","67","200"
"1541348739363","GET","73","200"
"1541348739436","GET","67","200"
"1541348739503","GET","65","200"
"1541348739568","GET","66","200"
"1541348739634","GET","68","200"
"1541348739702","GET","66","200"
"1541348739768","GET","70","200"
"1541348739838","GET","67","200"
"1541348739905","GET","67","200"
"1541348739972","GET","129","200"
"1541348740102","GET","73","200"
"1541348740175","GET","76","200"
"1541348740251","GET","128","200"
"1541348740379","GET","131","200"
"1541348740510","GET","64","200"
"1541348740574","GET","68","200"
"1541348740642","GET","71","200"
"1541348740713","GET","69","200"
"1541348740782","GET","209","200"
"1541348740991","GET","69","200"
"1541348741060","GET","68","200"
"1541348741128","GET","71","200"
"1541348741199","GET","72","200"
"1541348741271","GET","67","200"
"1541348741338","GET","67","200"
"1541348741405","GET","67","200"
"1541348741472","GET","103","200"
"1541348741575","GET","66","200"
"1541348741641","GET","68","200"
"1541348741709","GET","68","200"
"1541348741777","GET","69","200"
"1541348741846","GET","110","200"
"1541348741956","GET","67","200"
"1541348742023","GET","68","200"
"1541348742091","GET","73","200"
"1541348742164","GET","125","200"
"1541348742289","GET","69","200"
"1541348742358","GET","68","200"
"1541348742426","GET","67","200"
"1541348742493","GET","70","200"
"1541348742563","GET","134","200"
"1541348742697","GET","67","200"
"1541348742764","GET","65","200"
"1541348742829","GET","97","200"
"1541348742926","GET","69","200"
"1541348742995","GET","70","200"
"1541348743065","GET","65","200"
"1541348743130","GET","66","200"
"1541348735247","GET","75","200"
"1541348735322","GET","74","200"
"1541348735396","GET","80","200"
"1541348735476","GET","67","200"
"1541348735543","GET","64","200"
"1541348735607","GET","69","200"
"1541348735676","GET","65","200"
"1541348735741","GET","153","200"
"1541348735894","GET","70","200"
"1541348735964","GET","142","200"
"1541348736106","GET","69","200"
"1541348736175","GET","70","200"
"1541348736245","GET","64","200"
"1541348736309","GET","70","200"
"1541348736379","GET","67","200"
"1541348736446","GET","172","200"
"1541348736618","GET","104","200"
"1541348736722","GET","86","200"
"1541348736808","GET","74","200"
"1541348736883","GET","67","200"
"1541348736950","GET","66","200"
"1541348737016","GET","69","200"
"1541348737085","GET","80","200"
"1541348737165","GET","69","200"
"1541348737234","GET","68","200"
"1541348737302","GET","102","200"
"1541348737404","GET","68","200"
"1541348737472","GET","68","200"
"1541348737540","GET","66","200"
"1541348737606","GET","68","200"
"1541348737674","GET","71","200"
"1541348737745","GET","73","200"
"1541348737818","GET","68","200"
"1541348737886","GET","69","200"
"1541348737955","GET","71","200"
"1541348738026","GET","76","200"
"1541348738102","GET","68","200"
"1541348738170","GET","107","200"
"1541348738277","GET","65","200"
"1541348738342","GET","412","200"
"1541348738754","GET","69","200"
"1541348738823","GET","67","200"
"1541348738890","GET","75","200"
"1541348738965","GET","74","200"
"1541348739039","GET","70","200"
"1541348739109","GET","71","200"
"1541348739180","GET","109","200"
"1541348739289","GET","69","200"
"1541348739358","GET","66","200"
"1541348739424","GET","69","200"
"1541348739493","GET","69","200"
"1541348739562","GET","63","200"
"1541348739625","GET","71","200"
"1541348739696","GET","68","200"
"1541348739764","GET","70","200"
"1541348739834","GET","69","200"
"1541348739903","GET","65","200"
"1541348739968","GET","66","200"
"1541348740034","GET","72","200"
"1541348740106","GET","66","200"
"1541348740172","GET","66","200"
"1541348740238","GET","67","200"
"1541348740305","GET","116","200"
"1541348740421","GET","69","200"
"1541348740490","GET","70","200"
"1541348740560","GET","68","200"
"1541348740628","GET","65","200"
"1541348740693","GET","69","200"
"1541348740762","GET","66","200"
"1541348740828","GET","68","200"
"1541348740896","GET","70","200"
"1541348740966","GET","67","200"
"1541348741033","GET","69","200"
"1541348741102","GET","67","200"
"1541348741169","GET","68","200"
"1541348741237","GET","67","200"
"1541348741304","GET","96","200"
"1541348741400","GET","65","200"
"1541348741465","GET","70","200"
"1541348741535","GET","166","200"
"1541348741701","GET","70","200"
"1541348741771","GET","70","200"
"1541348741841","GET","69","200"
"1541348741910","GET","66","200"
"1541348741976","GET","69","200"
"1541348742045","GET","79","200"
"1541348742124","GET","67","200"
"1541348742191","GET","72","200"
"1541348742263","GET","70","200"
"1541348742333","GET","71","200"
"1541348742404","GET","67","200"
"1541348742471","GET","121","200"
"1541348742592","GET","71","200"
"1541348742663","GET","152","200"
"1541348742815","GET","68","200"
"1541348742883","GET","70","200"
"1541348742953","GET","67","200"
"1541348743020","GET","69","200"
"1541348743089","GET","65","200"
"1541348743154","GET","70","200"
"1541348735247","GET","70","200"
"1541348735318","GET","66","200"
"1541348735384","GET","76","200"
"1541348735460","GET","70","200"
"1541348735530","GET","67","200"
"1541348735597","GET","67","200"
"1541348735664","GET","66","200"
"1541348735730","GET","69","200"
"1541348735799","GET","107","200"
"1541348735906","GET","77","200"
"1541348735983","GET","67","200"
"1541348736050","GET","69","200"
"1541348736119","GET","69","200"
"1541348736188","GET","75","200"
"1541348736263","GET","71","200"
"1541348736334","GET","66","200"
"1541348736400","GET","110","200"
"1541348736510","GET","97","200"
"1541348736607","GET","101","200"
"1541348736709","GET","69","200"
"1541348736778","GET","66","200"
"1541348736845","GET","73","200"
"1541348736918","GET","65","200"
"1541348736983","GET","71","200"
"1541348737054","GET","73","200"
"1541348737127","GET","66","200"
"1541348737193","GET","70","200"
"1541348737263","GET","67","200"
"1541348737330","GET","69","200"
"1541348737399","GET","125","200"
"1541348737524","GET","69","200"
"1541348737593","GET","69","200"
"1541348737662","GET","70","200"
"1541348737732","GET","69","200"
"1541348737801","GET","68","200"
"1541348737869","GET","70","200"
"1541348737939","GET","67","200"
"1541348738006","GET","100","200"
"1541348738106","GET","69","200"
"1541348738175","GET","66","200"
"1541348738241","GET","67","200"
"1541348738308","GET","82","200"
"1541348738390","GET","68","200"
"1541348738458","GET","153","200"
"1541348738611","GET","65","200"
"1541348738676","GET","134","200"
"1541348738810","GET","70","200"
"1541348738880","GET","68","200"
"1541348738948","GET","68","200"
"1541348739016","GET","68","200"
"1541348739084","GET","66","200"
"1541348739151","GET","71","200"
"1541348739222","GET","69","200"
"1541348739291","GET","67","200"
"1541348739358","GET","65","200"
"1541348739423","GET","70","200"
"1541348739493","GET","106","200"
"1541348739599","GET","100","200"
"1541348739699","GET","104","200"
"1541348739803","GET","69","200"
"1541348739872","GET","68","200"
"1541348739940","GET","70","200"
"1541348740010","GET","70","200"
"1541348740080","GET","70","200"
"1541348740150","GET","65","200"
"1541348740215","GET","65","200"
"1541348740280","GET","64","200"
"1541348740344","GET","69","200"
"1541348740413","GET","90","200"
"1541348740503","GET","98","200"
"1541348740601","GET","67","200"
"1541348740668","GET","73","200"
"1541348740741","GET","68","200"
"1541348740809","GET","92","200"
"1541348740901","GET","67","200"
"1541348740968","GET","72","200"
"1541348741040","GET","74","200"
"1541348741114","GET","65","200"
"1541348741179","GET","77","200"
"1541348741256","GET","69","200"
"1541348741325","GET","68","200"
"1541348741393","GET","68","200"
"1541348741461","GET","330","200"
"1541348741792","GET","67","200"
"1541348741859","GET","307","200"
"1541348742166","GET","67","200"
"1541348742233","GET","74","200"
"1541348742307","GET","70","200"
"1541348742377","GET","67","200"
"1541348742444","GET","66","200"
"1541348742510","GET","65","200"
"1541348742575","GET","68","200"
"1541348742643","GET","66","200"
"1541348742709","GET","69","200"
"1541348742778","GET","126","200"
"1541348742904","GET","68","200"
"1541348742972","GET","67","200"
"1541348743039","GET","69","200"
"1541348743108","GET","71","200"
"1541348743179","GET","70","200"
"1541348735248","GET","68","200"
"1541348735316","GET","80","200"
"1541348735396","GET","67","200"
"1541348735463","GET","73","200"
"1541348735536","GET","70","200"
"1541348735606","GET","69","200"
"1541348735675","GET","69","200"
"1541348735745","GET","72","200"
"1541348735817","GET","82","200"
"1541348735899","GET","107","200"
"1541348736006","GET","71","200"
"1541348736077","GET","73","200"
"1541348736150","GET","246","200"
"1541348736396","GET","101","200"
"1541348736497","GET","67","200"
"1541348736564","GET","69","200"
"1541348736633","GET","80","200"
"1541348736713","GET","69","200"
"1541348736782","GET","73","200"
"1541348736855","GET","71","200"
"1541348736926","GET","67","200"
"1541348736993","GET","67","200"
"1541348737060","GET","147","200"
"1541348737208","GET","76","200"
"1541348737284","GET","66","200"
"1541348737350","GET","70","200"
"1541348737420","GET","109","200"
"1541348737529","GET","66","200"
"1541348737595","GET","73","200"
"1541348737668","GET","70","200"
"1541348737738","GET","79","200"
"1541348737817","GET","72","200"
"1541348737889","GET","68","200"
"1541348737957","GET","169","200"
"1541348738126","GET","72","200"
"1541348738198","GET","67","200"
"1541348738265","GET","86","200"
"1541348738351","GET","73","200"
"1541348738424","GET","67","200"
"1541348738491","GET","110","200"
"1541348738601","GET","67","200"
"1541348738668","GET","66","200"
"1541348738734","GET","67","200"
"1541348738801","GET","68","200"
"1541348738869","GET","69","200"
"1541348738938","GET","67","200"
"1541348739005","GET","67","200"
"1541348739072","GET","70","200"
"1541348739142","GET","71","200"
"1541348739213","GET","65","200"
"1541348739278","GET","69","200"
"1541348739347","GET","67","200"
"1541348739414","GET","202","200"
"1541348739616","GET","79","200"
"1541348739695","GET","68","200"
"1541348739763","GET","69","200"
"1541348739832","GET","100","200"
"1541348739932","GET","66","200"
"1541348739998","GET","69","200"
"1541348740067","GET","118","200"
"1541348740185","GET","68","200"
"1541348740253","GET","70","200"
"1541348740323","GET","66","200"
"1541348740389","GET","69","200"
"1541348740458","GET","70","200"
"1541348740528","GET","67","200"
"1541348740595","GET","67","200"
"1541348740662","GET","70","200"
"1541348740732","GET","67","200"
"1541348740799","GET","66","200"
"1541348740865","GET","70","200"
"1541348740935","GET","70","200"
"1541348741005","GET","66","200"
"1541348741071","GET","69","200"
"1541348741140","GET","70","200"
"1541348741210","GET","77","200"
"1541348741287","GET","68","200"
"1541348741355","GET","440","200"
"1541348741795","GET","67","200"
"1541348741862","GET","70","200"
"1541348741932","GET","66","200"
"1541348741998","GET","93","200"
"1541348742091","GET","73","200"
"1541348742164","GET","67","200"
"1541348742231","GET","68","200"
"1541348742299","GET","69","200"
"1541348742368","GET","69","200"
"1541348742437","GET","73","200"
"1541348742510","GET","68","200"
"1541348742578","GET","70","200"
"1541348742648","GET","65","200"
"1541348742713","GET","68","200"
"1541348742781","GET","68","200"
"1541348742849","GET","69","200"
"1541348742918","GET","65","200"
"1541348742983","GET","69","200"
"1541348743052","GET","68","200"
"1541348743120","GET","67","200"
"1541348743187","GET","72","200"
"1541348743259","GET","70","200"
"1541348735246","GET","69","200"
"1541348735315","GET","67","200"
"1541348735382","GET","115","200"
"1541348735497","GET","68","200"
"1541348735565","GET","67","200"
"1541348735632","GET","73","200"
"1541348735705","GET","100","200"
"1541348735805","GET","66","200"
"1541348735871","GET","70","200"
"1541348735941","GET","157","200"
"1541348736098","GET","107","200"
"1541348736205","GET","374","200"
"1541348736579","GET","66","200"
"1541348736645","GET","168","200"
"1541348736813","GET","69","200"
"1541348736883","GET","124","200"
"1541348737007","GET","67","200"
"1541348737074","GET","77","200"
"1541348737151","GET","67","200"
"1541348737218","GET","74","200"
"1541348737292","GET","75","200"
"1541348737367","GET","67","200"
"1541348737434","GET","71","200"
"1541348737505","GET","69","200"
"1541348737574","GET","66","200"
"1541348737640","GET","77","200"
"1541348737717","GET","88","200"
"1541348737805","GET","66","200"
"1541348737871","GET","73","200"
"1541348737944","GET","72","200"
"1541348738016","GET","71","200"
"1541348738087","GET","67","200"
"1541348738155","GET","65","200"
"1541348738220","GET","79","200"
"1541348738299","GET","70","200"
"1541348738369","GET","67","200"
"1541348738436","GET","69","200"
"1541348738505","GET","65","200"
"1541348738570","GET","69","200"
"1541348738639","GET","69","200"
"1541348738708","GET","67","200"
"1541348738775","GET","67","200"
"1541348738842","GET","78","200"
"1541348738920","GET","69","200"
"1541348738989","GET","71","200"
"1541348739060","GET","68","200"
"1541348739128","GET","71","200"
"1541348739199","GET","68","200"
"1541348739267","GET","107","200"
"1541348739374","GET","70","200"
"1541348739444","GET","69","200"
"1541348739513","GET","67","200"
"1541348739580","GET","68","200"
"1541348739648","GET","67","200"
"1541348739715","GET","67","200"
"1541348739782","GET","69","200"
"1541348739851","GET","67","200"
"1541348739918","GET","69","200"
"1541348739987","GET","71","200"
"1541348740058","GET","66","200"
"1541348740125","GET","64","200"
"1541348740189","GET","121","200"
"1541348740310","GET","69","200"
"1541348740379","GET","63","200"
"1541348740442","GET","72","200"
"1541348740514","GET","71","200"
"1541348740585","GET","68","200"
"1541348740653","GET","68","200"
"1541348740721","GET","65","200"
"1541348740786","GET","72","200"
"1541348740858","GET","71","200"
"1541348740929","GET","74","200"
"1541348741003","GET","66","200"
"1541348741069","GET","222","200"
"1541348741291","GET","65","200"
"1541348741356","GET","68","200"
"1541348741424","GET","87","200"
"1541348741511","GET","258","200"
"1541348741769","GET","68","200"
"1541348741837","GET","72","200"
"1541348741909","GET","68","200"
"1541348741977","GET","70","200"
"1541348742047","GET","75","200"
"1541348742122","GET","138","200"
"1541348742260","GET","68","200"
"1541348742328","GET","68","200"
"1541348742396","GET","98","200"
"1541348742494","GET","68","200"
"1541348742562","GET","134","200"
"1541348742696","GET","74","200"
"1541348742770","GET","68","200"
"1541348742838","GET","71","200"
"1541348742909","GET","78","200"
"1541348742987","GET","66","200"
"1541348743053","GET","71","200"
"1541348743124","GET","67","200"
"1541348743191","GET","67","200"
"1541348743258","GET","67","200"
"1541348743325","GET","69","200"
"1541348743394","GET","66","200"
"1541348742771","GET","68","200"
"1541348742839","GET","70","200"
"1541348742909","GET","65","200"
"1541348742974","GET","67","200"
"1541348743041","GET","153","200"
"1541348743194","GET","68","200"
"1541348743262","GET","65","200"
"1541348743327","GET","66","200"
"1541348743394","GET","66","200"
"1541348743460","GET","66","200"
"1541348743526","GET","67","200"
"1541348743593","GET","65","200"
"1541348743658","GET","67","200"
"1541348743725","GET","111","200"
"1541348743836","GET","69","200"
"1541348743905","GET","66","200"
"1541348743971","GET","73","200"
"1541348744044","GET","64","200"
"1541348744108","GET","71","200"
"1541348744179","GET","69","200"
"1541348744248","GET","71","200"
"1541348744319","GET","67","200"
"1541348744386","GET","67","200"
"1541348744453","GET","70","200"
"1541348744523","GET","69","200"
"1541348744592","GET","69","200"
"1541348744661","GET","69","200"
"1541348744730","GET","67","200"
"1541348744797","GET","72","200"
"1541348744869","GET","69","200"
"1541348744938","GET","75","200"
"1541348745013","GET","76","200"
"1541348745089","GET","66","200"
"1541348745155","GET","70","200"
"1541348745225","GET","67","200"
"1541348745292","GET","68","200"
"1541348745361","GET","70","200"
"1541348745431","GET","71","200"
"1541348745502","GET","70","200"
"1541348745572","GET","65","200"
"1541348745637","GET","67","200"
"1541348745704","GET","68","200"
"1541348745772","GET","66","200"
"1541348745839","GET","65","200"
"1541348745904","GET","66","200"
"1541348745970","GET","75","200"
"1541348746045","GET","74","200"
"1541348746119","GET","67","200"
"1541348746186","GET","67","200"
"1541348746253","GET","68","200"
"1541348746321","GET","68","200"
"1541348746389","GET","67","200"
"1541348746456","GET","71","200"
"1541348746527","GET","69","200"
"1541348746596","GET","76","200"
"1541348746672","GET","70","200"
"1541348746742","GET","65","200"
"1541348746807","GET","68","200"
"1541348746875","GET","69","200"
"1541348746944","GET","72","200"
"1541348747016","GET","67","200"
"1541348747083","GET","68","200"
"1541348747151","GET","63","200"
"1541348747214","GET","70","200"
"1541348747284","GET","68","200"
"1541348747352","GET","89","200"
"1541348747441","GET","83","200"
"1541348747524","GET","69","200"
"1541348747593","GET","65","200"
"1541348747658","GET","69","200"
"1541348747727","GET","66","200"
"1541348747793","GET","71","200"
"1541348747864","GET","69","200"
"1541348747933","GET","70","200"
"1541348748003","GET","66","200"
"1541348748069","GET","65","200"
"1541348748134","GET","66","200"
"1541348748200","GET","67","200"
"1541348748267","GET","68","200"
"1541348748335","GET","65","200"
"1541348748400","GET","68","200"
"1541348748468","GET","67","200"
"1541348748535","GET","66","200"
"1541348748601","GET","74","200"
"1541348748675","GET","67","200"
"1541348748742","GET","68","200"
"1541348748811","GET","65","200"
"1541348748876","GET","71","200"
"1541348748947","GET","70","200"
"1541348749017","GET","70","200"
"1541348749087","GET","69","200"
"1541348749156","GET","66","200"
"1541348749222","GET","67","200"
"1541348749289","GET","66","200"
"1541348749355","GET","70","200"
"1541348749425","GET","65","200"
"1541348749490","GET","69","200"
"1541348749559","GET","68","200"
"1541348749627","GET","77","200"
"1541348749704","GET","69","200"
"1541348742918","GET","89","200"
"1541348743007","GET","68","200"
"1541348743075","GET","69","200"
"1541348743144","GET","66","200"
"1541348743210","GET","71","200"
"1541348743281","GET","68","200"
"1541348743349","GET","65","200"
"1541348743414","GET","69","200"
"1541348743483","GET","69","200"
"1541348743552","GET","66","200"
"1541348743618","GET","74","200"
"1541348743692","GET","68","200"
"1541348743760","GET","84","200"
"1541348743844","GET","67","200"
"1541348743911","GET","70","200"
"1541348743981","GET","68","200"
"1541348744049","GET","71","200"
"1541348744120","GET","70","200"
"1541348744190","GET","71","200"
"1541348744261","GET","64","200"
"1541348744326","GET","82","200"
"1541348744408","GET","68","200"
"1541348744476","GET","66","200"
"1541348744542","GET","72","200"
"1541348744614","GET","68","200"
"1541348744682","GET","65","200"
"1541348744747","GET","68","200"
"1541348744815","GET","69","200"
"1541348744884","GET","64","200"
"1541348744948","GET","117","200"
"1541348745065","GET","67","200"
"1541348745132","GET","68","200"
"1541348745200","GET","108","200"
"1541348745308","GET","84","200"
"1541348745392","GET","75","200"
"1541348745467","GET","70","200"
"1541348745537","GET","72","200"
"1541348745609","GET","80","200"
"1541348745689","GET","69","200"
"1541348745758","GET","71","200"
"1541348745829","GET","68","200"
"1541348745897","GET","70","200"
"1541348745967","GET","71","200"
"1541348746038","GET","77","200"
"1541348746115","GET","71","200"
"1541348746186","GET","67","200"
"1541348746253","GET","68","200"
"1541348746321","GET","71","200"
"1541348746392","GET","72","200"
"1541348746464","GET","72","200"
"1541348746536","GET","69","200"
"1541348746605","GET","71","200"
"1541348746676","GET","68","200"
"1541348746744","GET","70","200"
"1541348746814","GET","77","200"
"1541348746891","GET","68","200"
"1541348746959","GET","67","200"
"1541348747026","GET","70","200"
"1541348747096","GET","70","200"
"1541348747166","GET","67","200"
"1541348747233","GET","67","200"
"1541348747300","GET","121","200"
"1541348747421","GET","64","200"
"1541348747485","GET","137","200"
"1541348747622","GET","77","200"
"1541348747699","GET","75","200"
"1541348747774","GET","77","200"
"1541348747851","GET","76","200"
"1541348747927","GET","72","200"
"1541348747999","GET","70","200"
"1541348748069","GET","66","200"
"1541348748135","GET","104","200"
"1541348748239","GET","68","200"
"1541348748307","GET","115","200"
"1541348748422","GET","66","200"
"1541348748488","GET","67","200"
"1541348748555","GET","69","200"
"1541348748624","GET","70","200"
"1541348748694","GET","69","200"
"1541348748764","GET","71","200"
"1541348748835","GET","68","200"
"1541348748903","GET","69","200"
"1541348748972","GET","65","200"
"1541348749037","GET","68","200"
"1541348749105","GET","67","200"
"1541348749172","GET","66","200"
"1541348749238","GET","64","200"
"1541348749302","GET","68","200"
"1541348749370","GET","68","200"
"1541348749438","GET","154","200"
"1541348749592","GET","68","200"
"1541348749660","GET","86","200"
"1541348749746","GET","151","200"
"1541348749897","GET","68","200"
"1541348749965","GET","72","200"
"1541348750037","GET","68","200"
"1541348750105","GET","71","200"
"1541348750176","GET","67","200"
"1541348750243","GET","67","200"
"1541348750310","GET","72","200"
"1541348743196","GET","70","200"
"1541348743266","GET","65","200"
"1541348743331","GET","78","200"
"1541348743409","GET","94","200"
"1541348743503","GET","69","200"
"1541348743572","GET","70","200"
"1541348743642","GET","69","200"
"1541348743711","GET","71","200"
"1541348743782","GET","74","200"
"1541348743856","GET","68","200"
"1541348743924","GET","64","200"
"1541348743988","GET","68","200"
"1541348744056","GET","74","200"
"1541348744130","GET","68","200"
"1541348744198","GET","69","200"
"1541348744267","GET","68","200"
"1541348744335","GET","67","200"
"1541348744402","GET","66","200"
"1541348744468","GET","76","200"
"1541348744544","GET","73","200"
"1541348744617","GET","65","200"
"1541348744682","GET","70","200"
"1541348744752","GET","65","200"
"1541348744817","GET","64","200"
"1541348744881","GET","70","200"
"1541348744951","GET","74","200"
"1541348745025","GET","64","200"
"1541348745089","GET","66","200"
"1541348745155","GET","69","200"
"1541348745224","GET","71","200"
"1541348745295","GET","73","200"
"1541348745368","GET","67","200"
"1541348745435","GET","67","200"
"1541348745502","GET","64","200"
"1541348745566","GET","67","200"
"1541348745633","GET","69","200"
"1541348745702","GET","67","200"
"1541348745769","GET","71","200"
"1541348745840","GET","71","200"
"1541348745911","GET","82","200"
"1541348745993","GET","81","200"
"1541348746074","GET","69","200"
"1541348746143","GET","152","200"
"1541348746295","GET","66","200"
"1541348746361","GET","65","200"
"1541348746426","GET","66","200"
"1541348746492","GET","119","200"
"1541348746611","GET","68","200"
"1541348746679","GET","77","200"
"1541348746756","GET","75","200"
"1541348746831","GET","69","200"
"1541348746900","GET","69","200"
"1541348746970","GET","65","200"
"1541348747035","GET","70","200"
"1541348747105","GET","66","200"
"1541348747171","GET","68","200"
"1541348747239","GET","68","200"
"1541348747307","GET","68","200"
"1541348747375","GET","66","200"
"1541348747441","GET","75","200"
"1541348747516","GET","64","200"
"1541348747580","GET","68","200"
"1541348747648","GET","66","200"
"1541348747714","GET","73","200"
"1541348747787","GET","65","200"
"1541348747852","GET","66","200"
"1541348747918","GET","69","200"
"1541348747988","GET","67","200"
"1541348748055","GET","70","200"
"1541348748125","GET","69","200"
"1541348748194","GET","66","200"
"1541348748260","GET","74","200"
"1541348748334","GET","70","200"
"1541348748404","GET","70","200"
"1541348748474","GET","68","200"
"1541348748542","GET","67","200"
"1541348748609","GET","66","200"
"1541348748675","GET","69","200"
"1541348748744","GET","68","200"
"1541348748812","GET","68","200"
"1541348748880","GET","70","200"
"1541348748950","GET","71","200"
"1541348749021","GET","68","200"
"1541348749089","GET","68","200"
"1541348749157","GET","66","200"
"1541348749223","GET","64","200"
"1541348749287","GET","68","200"
"1541348749355","GET","69","200"
"1541348749424","GET","65","200"
"1541348749489","GET","82","200"
"1541348749571","GET","65","200"
"1541348749636","GET","111","200"
"1541348749747","GET","75","200"
"1541348749822","GET","71","200"
"1541348749893","GET","70","200"
"1541348749963","GET","72","200"
"1541348750035","GET","67","200"
"1541348750102","GET","94","200"
"1541348750196","GET","69","200"
"1541348750265","GET","130","200"
"1541348742979","GET","67","200"
"1541348743046","GET","67","200"
"1541348743113","GET","68","200"
"1541348743181","GET","66","200"
"1541348743247","GET","79","200"
"1541348743326","GET","76","200"
"1541348743402","GET","72","200"
"1541348743474","GET","69","200"
"1541348743543","GET","73","200"
"1541348743616","GET","69","200"
"1541348743685","GET","64","200"
"1541348743749","GET","70","200"
"1541348743819","GET","70","200"
"1541348743889","GET","67","200"
"1541348743956","GET","71","200"
"1541348744027","GET","70","200"
"1541348744097","GET","70","200"
"1541348744167","GET","67","200"
"1541348744234","GET","65","200"
"1541348744299","GET","66","200"
"1541348744365","GET","92","200"
"1541348744457","GET","65","200"
"1541348744522","GET","67","200"
"1541348744589","GET","66","200"
"1541348744655","GET","70","200"
"1541348744725","GET","78","200"
"1541348744803","GET","67","200"
"1541348744870","GET","69","200"
"1541348744939","GET","73","200"
"1541348745012","GET","69","200"
"1541348745081","GET","71","200"
"1541348745152","GET","70","200"
"1541348745222","GET","70","200"
"1541348745292","GET","67","200"
"1541348745359","GET","68","200"
"1541348745427","GET","67","200"
"1541348745494","GET","108","200"
"1541348745602","GET","117","200"
"1541348745719","GET","67","200"
"1541348745787","GET","65","200"
"1541348745852","GET","71","200"
"1541348745923","GET","67","200"
"1541348745990","GET","125","200"
"1541348746115","GET","84","200"
"1541348746199","GET","65","200"
"1541348746265","GET","66","200"
"1541348746331","GET","70","200"
"1541348746401","GET","68","200"
"1541348746469","GET","70","200"
"1541348746539","GET","71","200"
"1541348746610","GET","116","200"
"1541348746726","GET","68","200"
"1541348746794","GET","72","200"
"1541348746866","GET","69","200"
"1541348746935","GET","87","200"
"1541348747022","GET","68","200"
"1541348747090","GET","75","200"
"1541348747165","GET","68","200"
"1541348747233","GET","179","200"
"1541348747412","GET","66","200"
"1541348747478","GET","66","200"
"1541348747544","GET","71","200"
"1541348747615","GET","90","200"
"1541348747705","GET","77","200"
"1541348747782","GET","82","200"
"1541348747864","GET","73","200"
"1541348747937","GET","69","200"
"1541348748006","GET","68","200"
"1541348748074","GET","66","200"
"1541348748140","GET","81","200"
"1541348748221","GET","68","200"
"1541348748289","GET","69","200"
"1541348748358","GET","72","200"
"1541348748430","GET","69","200"
"1541348748499","GET","64","200"
"1541348748563","GET","71","200"
"1541348748634","GET","66","200"
"1541348748700","GET","72","200"
"1541348748772","GET","72","200"
"1541348748844","GET","69","200"
"1541348748913","GET","67","200"
"1541348748980","GET","68","200"
"1541348749048","GET","68","200"
"1541348749116","GET","69","200"
"1541348749185","GET","71","200"
"1541348749256","GET","67","200"
"1541348749323","GET","64","200"
"1541348749387","GET","65","200"
"1541348749452","GET","96","200"
"1541348749548","GET","65","200"
"1541348749613","GET","70","200"
"1541348749683","GET","68","200"
"1541348749751","GET","143","200"
"1541348749894","GET","75","200"
"1541348749969","GET","68","200"
"1541348750037","GET","69","200"
"1541348750106","GET","93","200"
"1541348750199","GET","70","200"
"1541348750269","GET","64","200"
"1541348750333","GET","68","200"
"1541348743224","GET","66","200"
"1541348743291","GET","64","200"
"1541348743355","GET","69","200"
"1541348743424","GET","67","200"
"1541348743491","GET","69","200"
"1541348743560","GET","71","200"
"1541348743631","GET","67","200"
"1541348743698","GET","69","200"
"1541348743767","GET","66","200"
"1541348743833","GET","71","200"
"1541348743904","GET","68","200"
"1541348743972","GET","65","200"
"1541348744037","GET","65","200"
"1541348744102","GET","67","200"
"1541348744169","GET","68","200"
"1541348744237","GET","68","200"
"1541348744305","GET","90","200"
"1541348744395","GET","67","200"
"1541348744462","GET","70","200"
"1541348744532","GET","67","200"
"1541348744599","GET","71","200"
"1541348744670","GET","65","200"
"1541348744735","GET","69","200"
"1541348744804","GET","66","200"
"1541348744870","GET","67","200"
"1541348744937","GET","71","200"
"1541348745008","GET","73","200"
"1541348745081","GET","70","200"
"1541348745151","GET","65","200"
"1541348745216","GET","73","200"
"1541348745289","GET","69","200"
"1541348745358","GET","165","200"
"1541348745524","GET","65","200"
"1541348745589","GET","64","200"
"1541348745653","GET","68","200"
"1541348745721","GET","65","200"
"1541348745786","GET","67","200"
"1541348745853","GET","67","200"
"1541348745920","GET","66","200"
"1541348745986","GET","66","200"
"1541348746052","GET","73","200"
"1541348746125","GET","75","200"
"1541348746200","GET","69","200"
"1541348746269","GET","67","200"
"1541348746336","GET","66","200"
"1541348746402","GET","68","200"
"1541348746470","GET","68","200"
"1541348746538","GET","78","200"
"1541348746616","GET","67","200"
"1541348746683","GET","69","200"
"1541348746752","GET","67","200"
"1541348746819","GET","68","200"
"1541348746887","GET","87","200"
"1541348746974","GET","66","200"
"1541348747040","GET","71","200"
"1541348747111","GET","67","200"
"1541348747179","GET","145","200"
"1541348747324","GET","66","200"
"1541348747390","GET","68","200"
"1541348747458","GET","68","200"
"1541348747526","GET","68","200"
"1541348747594","GET","66","200"
"1541348747660","GET","68","200"
"1541348747728","GET","65","200"
"1541348747793","GET","131","200"
"1541348747925","GET","73","200"
"1541348747998","GET","67","200"
"1541348748065","GET","65","200"
"1541348748130","GET","68","200"
"1541348748198","GET","66","200"
"1541348748264","GET","68","200"
"1541348748332","GET","76","200"
"1541348748409","GET","65","200"
"1541348748474","GET","65","200"
"1541348748539","GET","65","200"
"1541348748604","GET","71","200"
"1541348748675","GET","67","200"
"1541348748742","GET","64","200"
"1541348748806","GET","64","200"
"1541348748870","GET","64","200"
"1541348748934","GET","86","200"
"1541348749020","GET","68","200"
"1541348749088","GET","70","200"
"1541348749158","GET","65","200"
"1541348749223","GET","71","200"
"1541348749294","GET","97","200"
"1541348749391","GET","69","200"
"1541348749460","GET","102","200"
"1541348749562","GET","65","200"
"1541348749627","GET","68","200"
"1541348749695","GET","71","200"
"1541348749766","GET","69","200"
"1541348749835","GET","67","200"
"1541348749902","GET","66","200"
"1541348749968","GET","69","200"
"1541348750037","GET","67","200"
"1541348750104","GET","66","200"
"1541348750170","GET","70","200"
"1541348750240","GET","69","200"
"1541348750309","GET","94","200"
"1541348743139","GET","71","200"
"1541348743210","GET","68","200"
"1541348743278","GET","70","200"
"1541348743348","GET","64","200"
"1541348743412","GET","68","200"
"1541348743480","GET","68","200"
"1541348743548","GET","71","200"
"1541348743619","GET","65","200"
"1541348743684","GET","73","200"
"1541348743757","GET","73","200"
"1541348743830","GET","68","200"
"1541348743898","GET","65","200"
"1541348743963","GET","72","200"
"1541348744035","GET","132","200"
"1541348744167","GET","67","200"
"1541348744234","GET","87","200"
"1541348744321","GET","65","200"
"1541348744386","GET","68","200"
"1541348744454","GET","91","200"
"1541348744545","GET","69","200"
"1541348744614","GET","71","200"
"1541348744685","GET","66","200"
"1541348744751","GET","66","200"
"1541348744817","GET","86","200"
"1541348744903","GET","66","200"
"1541348744969","GET","65","200"
"1541348745034","GET","70","200"
"1541348745104","GET","134","200"
"1541348745238","GET","67","200"
"1541348745305","GET","68","200"
"1541348745373","GET","71","200"
"1541348745444","GET","68","200"
"1541348745512","GET","64","200"
"1541348745576","GET","68","200"
"1541348745644","GET","71","200"
"1541348745715","GET","71","200"
"1541348745786","GET","70","200"
"1541348745856","GET","87","200"
"1541348745943","GET","70","200"
"1541348746013","GET","71","200"
"1541348746084","GET","68","200"
"1541348746152","GET","69","200"
"1541348746222","GET","66","200"
"1541348746288","GET","70","200"
"1541348746358","GET","66","200"
"1541348746424","GET","68","200"
"1541348746492","GET","70","200"
"1541348746562","GET","83","200"
"1541348746645","GET","72","200"
"1541348746717","GET","68","200"
"1541348746785","GET","68","200"
"1541348746853","GET","71","200"
"1541348746924","GET","70","200"
"1541348746994","GET","217","200"
"1541348747211","GET","68","200"
"1541348747279","GET","67","200"
"1541348747346","GET","69","200"
"1541348747415","GET","64","200"
"1541348747479","GET","67","200"
"1541348747546","GET","69","200"
"1541348747615","GET","68","200"
"1541348747683","GET","68","200"
"1541348747751","GET","71","200"
"1541348747822","GET","70","200"
"1541348747892","GET","70","200"
"1541348747962","GET","74","200"
"1541348748036","GET","65","200"
"1541348748101","GET","71","200"
"1541348748172","GET","68","200"
"1541348748240","GET","72","200"
"1541348748312","GET","67","200"
"1541348748379","GET","65","200"
"1541348748444","GET","72","200"
"1541348748516","GET","68","200"
"1541348748584","GET","67","200"
"1541348748651","GET","70","200"
"1541348748721","GET","66","200"
"1541348748787","GET","68","200"
"1541348748855","GET","70","200"
"1541348748925","GET","64","200"
"1541348748989","GET","68","200"
"1541348749057","GET","70","200"
"1541348749127","GET","68","200"
"1541348749195","GET","68","200"
"1541348749263","GET","66","200"
"1541348749329","GET","63","200"
"1541348749392","GET","68","200"
"1541348749460","GET","136","200"
"1541348749596","GET","74","200"
"1541348749670","GET","67","200"
"1541348749737","GET","83","200"
"1541348749820","GET","73","200"
"1541348749893","GET","67","200"
"1541348749960","GET","69","200"
"1541348750029","GET","68","200"
"1541348750097","GET","67","200"
"1541348750164","GET","64","200"
"1541348750228","GET","64","200"
"1541348750292","GET","67","200"
"1541348750359","GET","64","200"
"1541348743329","GET","67","200"
"1541348743396","GET","69","200"
"1541348743465","GET","69","200"
"1541348743534","GET","69","200"
"1541348743603","GET","65","200"
"1541348743668","GET","69","200"
"1541348743737","GET","69","200"
"1541348743806","GET","74","200"
"1541348743880","GET","66","200"
"1541348743946","GET","66","200"
"1541348744012","GET","66","200"
"1541348744078","GET","69","200"
"1541348744147","GET","70","200"
"1541348744217","GET","69","200"
"1541348744286","GET","72","200"
"1541348744358","GET","67","200"
"1541348744425","GET","67","200"
"1541348744492","GET","69","200"
"1541348744561","GET","69","200"
"1541348744630","GET","94","200"
"1541348744724","GET","74","200"
"1541348744798","GET","63","200"
"1541348744861","GET","67","200"
"1541348744928","GET","76","200"
"1541348745004","GET","66","200"
"1541348745070","GET","69","200"
"1541348745139","GET","69","200"
"1541348745208","GET","72","200"
"1541348745280","GET","66","200"
"1541348745346","GET","69","200"
"1541348745415","GET","69","200"
"1541348745484","GET","62","200"
"1541348745547","GET","71","200"
"1541348745618","GET","65","200"
"1541348745684","GET","109","200"
"1541348745793","GET","66","200"
"1541348745859","GET","65","200"
"1541348745924","GET","67","200"
"1541348745991","GET","69","200"
"1541348746060","GET","82","200"
"1541348746142","GET","154","200"
"1541348746296","GET","68","200"
"1541348746364","GET","68","200"
"1541348746432","GET","72","200"
"1541348746504","GET","67","200"
"1541348746571","GET","91","200"
"1541348746662","GET","72","200"
"1541348746734","GET","71","200"
"1541348746805","GET","69","200"
"1541348746874","GET","72","200"
"1541348746946","GET","76","200"
"1541348747022","GET","68","200"
"1541348747090","GET","66","200"
"1541348747156","GET","68","200"
"1541348747224","GET","65","200"
"1541348747289","GET","70","200"
"1541348747359","GET","72","200"
"1541348747431","GET","71","200"
"1541348747502","GET","66","200"
"1541348747568","GET","67","200"
"1541348747635","GET","80","200"
"1541348747715","GET","67","200"
"1541348747782","GET","69","200"
"1541348747851","GET","67","200"
"1541348747918","GET","67","200"
"1541348747985","GET","128","200"
"1541348748113","GET","69","200"
"1541348748182","GET","69","200"
"1541348748251","GET","71","200"
"1541348748322","GET","68","200"
"1541348748390","GET","68","200"
"1541348748458","GET","68","200"
"1541348748526","GET","69","200"
"1541348748595","GET","69","200"
"1541348748664","GET","71","200"
"1541348748735","GET","68","200"
"1541348748803","GET","70","200"
"1541348748873","GET","68","200"
"1541348748941","GET","68","200"
"1541348749009","GET","68","200"
"1541348749077","GET","67","200"
"1541348749144","GET","69","200"
"1541348749213","GET","67","200"
"1541348749280","GET","67","200"
"1541348749347","GET","71","200"
"1541348749418","GET","67","200"
"1541348749485","GET","76","200"
"1541348749561","GET","66","200"
"1541348749627","GET","71","200"
"1541348749698","GET","68","200"
"1541348749766","GET","69","200"
"1541348749835","GET","67","200"
"1541348749902","GET","68","200"
"1541348749970","GET","63","200"
"1541348750033","GET","66","200"
"1541348750099","GET","70","200"
"1541348750169","GET","70","200"
"1541348750239","GET","67","200"
"1541348750307","GET","69","200"
"1541348750376","GET","67","200"
"1541348742921","GET","71","200"
"1541348742992","GET","70","200"
"1541348743062","GET","68","200"
"1541348743130","GET","66","200"
"1541348743196","GET","69","200"
"1541348743265","GET","67","200"
"1541348743332","GET","71","200"
"1541348743403","GET","71","200"
"1541348743474","GET","68","200"
"1541348743542","GET","89","200"
"1541348743631","GET","70","200"
"1541348743701","GET","68","200"
"1541348743769","GET","69","200"
"1541348743838","GET","66","200"
"1541348743904","GET","64","200"
"1541348743968","GET","71","200"
"1541348744039","GET","69","200"
"1541348744108","GET","67","200"
"1541348744175","GET","68","200"
"1541348744243","GET","65","200"
"1541348744308","GET","86","200"
"1541348744394","GET","151","200"
"1541348744545","GET","69","200"
"1541348744614","GET","71","200"
"1541348744685","GET","114","200"
"1541348744799","GET","68","200"
"1541348744867","GET","68","200"
"1541348744935","GET","69","200"
"1541348745004","GET","65","200"
"1541348745069","GET","66","200"
"1541348745135","GET","67","200"
"1541348745202","GET","92","200"
"1541348745294","GET","65","200"
"1541348745359","GET","67","200"
"1541348745426","GET","67","200"
"1541348745493","GET","69","200"
"1541348745562","GET","68","200"
"1541348745630","GET","70","200"
"1541348745700","GET","69","200"
"1541348745769","GET","65","200"
"1541348745834","GET","74","200"
"1541348745908","GET","71","200"
"1541348745979","GET","77","200"
"1541348746056","GET","72","200"
"1541348746128","GET","78","200"
"1541348746206","GET","72","200"
"1541348746278","GET","63","200"
"1541348746341","GET","73","200"
"1541348746414","GET","68","200"
"1541348746482","GET","72","200"
"1541348746554","GET","70","200"
"1541348746624","GET","71","200"
"1541348746695","GET","73","200"
"1541348746768","GET","72","200"
"1541348746840","GET","69","200"
"1541348746909","GET","70","200"
"1541348746979","GET","69","200"
"1541348747048","GET","72","200"
"1541348747120","GET","64","200"
"1541348747184","GET","67","200"
"1541348747251","GET","73","200"
"1541348747324","GET","65","200"
"1541348747389","GET","142","200"
"1541348747532","GET","158","200"
"1541348747690","GET","70","200"
"1541348747760","GET","83","200"
"1541348747843","GET","149","200"
"1541348747992","GET","67","200"
"1541348748059","GET","71","200"
"1541348748130","GET","81","200"
"1541348748211","GET","66","200"
"1541348748277","GET","81","200"
"1541348748358","GET","86","200"
"1541348748444","GET","87","200"
"1541348748531","GET","68","200"
"1541348748599","GET","68","200"
"1541348748667","GET","116","200"
"1541348748783","GET","127","200"
"1541348748910","GET","69","200"
"1541348748979","GET","67","200"
"1541348749046","GET","66","200"
"1541348749112","GET","69","200"
"1541348749181","GET","69","200"
"1541348749250","GET","67","200"
"1541348749317","GET","63","200"
"1541348749380","GET","70","200"
"1541348749450","GET","69","200"
"1541348749519","GET","69","200"
"1541348749588","GET","68","200"
"1541348749656","GET","70","200"
"1541348749726","GET","87","200"
"1541348749813","GET","78","200"
"1541348749891","GET","71","200"
"1541348749962","GET","66","200"
"1541348750028","GET","73","200"
"1541348750101","GET","69","200"
"1541348750170","GET","67","200"
"1541348750237","GET","69","200"
"1541348750306","GET","66","200"
"1541348750372","GET","86","200"
"1541348743249","GET","67","200"
"1541348743316","GET","68","200"
"1541348743384","GET","70","200"
"1541348743454","GET","67","200"
"1541348743521","GET","71","200"
"1541348743592","GET","68","200"
"1541348743660","GET","66","200"
"1541348743726","GET","127","200"
"1541348743853","GET","66","200"
"1541348743919","GET","75","200"
"1541348743994","GET","207","200"
"1541348744201","GET","66","200"
"1541348744267","GET","68","200"
"1541348744335","GET","67","200"
"1541348744402","GET","67","200"
"1541348744469","GET","80","200"
"1541348744549","GET","65","200"
"1541348744614","GET","69","200"
"1541348744683","GET","70","200"
"1541348744753","GET","68","200"
"1541348744821","GET","82","200"
"1541348744903","GET","69","200"
"1541348744972","GET","68","200"
"1541348745040","GET","69","200"
"1541348745109","GET","67","200"
"1541348745176","GET","66","200"
"1541348745242","GET","67","200"
"1541348745309","GET","65","200"
"1541348745374","GET","82","200"
"1541348745456","GET","66","200"
"1541348745522","GET","80","200"
"1541348745602","GET","68","200"
"1541348745670","GET","123","200"
"1541348745793","GET","66","200"
"1541348745859","GET","68","200"
"1541348745927","GET","68","200"
"1541348745995","GET","104","200"
"1541348746099","GET","74","200"
"1541348746173","GET","70","200"
"1541348746243","GET","70","200"
"1541348746313","GET","69","200"
"1541348746382","GET","72","200"
"1541348746454","GET","71","200"
"1541348746525","GET","67","200"
"1541348746592","GET","70","200"
"1541348746662","GET","67","200"
"1541348746729","GET","69","200"
"1541348746798","GET","69","200"
"1541348746867","GET","72","200"
"1541348746939","GET","90","200"
"1541348747029","GET","75","200"
"1541348747104","GET","67","200"
"1541348747171","GET","67","200"
"1541348747238","GET","63","200"
"1541348747301","GET","66","200"
"1541348747367","GET","65","200"
"1541348747432","GET","68","200"
"1541348747500","GET","65","200"
"1541348747565","GET","68","200"
"1541348747633","GET","72","200"
"1541348747705","GET","71","200"
"1541348747776","GET","70","200"
"1541348747846","GET","68","200"
"1541348747914","GET","91","200"
"1541348748005","GET","66","200"
"1541348748071","GET","69","200"
"1541348748140","GET","69","200"
"1541348748209","GET","70","200"
"1541348748279","GET","68","200"
"1541348748347","GET","69","200"
"1541348748416","GET","64","200"
"1541348748480","GET","66","200"
"1541348748546","GET","69","200"
"1541348748615","GET","71","200"
"1541348748686","GET","67","200"
"1541348748753","GET","67","200"
"1541348748820","GET","71","200"
"1541348748891","GET","70","200"
"1541348748961","GET","70","200"
"1541348749031","GET","67","200"
"1541348749098","GET","65","200"
"1541348749163","GET","67","200"
"1541348749230","GET","67","200"
"1541348749297","GET","68","200"
"1541348749365","GET","69","200"
"1541348749434","GET","74","200"
"1541348749508","GET","76","200"
"1541348749584","GET","69","200"
"1541348749653","GET","68","200"
"1541348749721","GET","99","200"
"1541348749820","GET","77","200"
"1541348749897","GET","120","200"
"1541348750017","GET","69","200"
"1541348750086","GET","67","200"
"1541348750153","GET","69","200"
"1541348750222","GET","67","200"
"1541348750289","GET","108","200"
"1541348750397","GET","64","200"
"1541348750461","GET","66","200"
"1541348750527","GET","70","200"
"1541348743460","GET","66","200"
"1541348743526","GET","72","200"
"1541348743598","GET","66","200"
"1541348743664","GET","71","200"
"1541348743735","GET","70","200"
"1541348743805","GET","67","200"
"1541348743872","GET","66","200"
"1541348743939","GET","70","200"
"1541348744009","GET","82","200"
"1541348744091","GET","67","200"
"1541348744158","GET","72","200"
"1541348744230","GET","68","200"
"1541348744298","GET","68","200"
"1541348744366","GET","71","200"
"1541348744437","GET","68","200"
"1541348744505","GET","68","200"
"1541348744573","GET","72","200"
"1541348744645","GET","67","200"
"1541348744712","GET","82","200"
"1541348744794","GET","108","200"
"1541348744902","GET","74","200"
"1541348744976","GET","66","200"
"1541348745042","GET","67","200"
"1541348745109","GET","71","200"
"1541348745180","GET","65","200"
"1541348745245","GET","69","200"
"1541348745314","GET","65","200"
"1541348745379","GET","70","200"
"1541348745449","GET","77","200"
"1541348745526","GET","68","200"
"1541348745594","GET","110","200"
"1541348745704","GET","69","200"
"1541348745773","GET","109","200"
"1541348745882","GET","68","200"
"1541348745950","GET","69","200"
"1541348746019","GET","117","200"
"1541348746136","GET","71","200"
"1541348746207","GET","69","200"
"1541348746276","GET","75","200"
"1541348746352","GET","70","200"
"1541348746422","GET","68","200"
"1541348746490","GET","71","200"
"1541348746561","GET","64","200"
"1541348746625","GET","70","200"
"1541348746695","GET","72","200"
"1541348746767","GET","65","200"
"1541348746832","GET","70","200"
"1541348746902","GET","110","200"
"1541348747012","GET","69","200"
"1541348747081","GET","72","200"
"1541348747153","GET","70","200"
"1541348747223","GET","68","200"
"1541348747291","GET","68","200"
"1541348747359","GET","68","200"
"1541348747427","GET","69","200"
"1541348747496","GET","78","200"
"1541348747574","GET","73","200"
"1541348747647","GET","71","200"
"1541348747718","GET","104","200"
"1541348747822","GET","69","200"
"1541348747891","GET","69","200"
"1541348747960","GET","68","200"
"1541348748028","GET","66","200"
"1541348748094","GET","69","200"
"1541348748163","GET","69","200"
"1541348748232","GET","77","200"
"1541348748309","GET","68","200"
"1541348748377","GET","67","200"
"1541348748444","GET","72","200"
"1541348748516","GET","72","200"
"1541348748588","GET","69","200"
"1541348748657","GET","67","200"
"1541348748724","GET","69","200"
"1541348748793","GET","68","200"
"1541348748861","GET","68","200"
"1541348748929","GET","70","200"
"1541348748999","GET","81","200"
"1541348749080","GET","67","200"
"1541348749147","GET","71","200"
"1541348749218","GET","84","200"
"1541348749302","GET","69","200"
"1541348749371","GET","95","200"
"1541348749466","GET","68","200"
"1541348749534","GET","66","200"
"1541348749600","GET","75","200"
"1541348749675","GET","68","200"
"1541348749743","GET","77","200"
"1541348749820","GET","78","200"
"1541348749898","GET","68","200"
"1541348749966","GET","67","200"
"1541348750033","GET","68","200"
"1541348750101","GET","67","200"
"1541348750168","GET","70","200"
"1541348750238","GET","72","200"
"1541348750310","GET","69","200"
"1541348750379","GET","67","200"
"1541348750446","GET","67","200"
"1541348750513","GET","66","200"
"1541348750579","GET","65","200"
"1541348750644","GET","66","200"
"1541348750382","GET","66","200"
"1541348750448","GET","65","200"
"1541348750513","GET","68","200"
"1541348750581","GET","66","200"
"1541348750647","GET","68","200"
"1541348750715","GET","62","200"
"1541348750777","GET","70","200"
"1541348750847","GET","68","200"
"1541348750915","GET","88","200"
"1541348751003","GET","70","200"
"1541348751073","GET","67","200"
"1541348751140","GET","69","200"
"1541348751209","GET","70","200"
"1541348751279","GET","69","200"
"1541348751348","GET","70","200"
"1541348751418","GET","66","200"
"1541348751484","GET","65","200"
"1541348751549","GET","119","200"
"1541348751668","GET","70","200"
"1541348751738","GET","76","200"
"1541348751814","GET","78","200"
"1541348751892","GET","70","200"
"1541348751963","GET","73","200"
"1541348752036","GET","69","200"
"1541348752105","GET","67","200"
"1541348752172","GET","70","200"
"1541348752242","GET","66","200"
"1541348752308","GET","71","200"
"1541348752379","GET","143","200"
"1541348752522","GET","66","200"
"1541348752588","GET","69","200"
"1541348752657","GET","68","200"
"1541348752725","GET","68","200"
"1541348752793","GET","72","200"
"1541348752865","GET","69","200"
"1541348752934","GET","78","200"
"1541348753012","GET","65","200"
"1541348753077","GET","68","200"
"1541348753145","GET","67","200"
"1541348753212","GET","67","200"
"1541348753279","GET","70","200"
"1541348753349","GET","67","200"
"1541348753416","GET","65","200"
"1541348753481","GET","66","200"
"1541348753547","GET","78","200"
"1541348753625","GET","81","200"
"1541348753706","GET","67","200"
"1541348753773","GET","66","200"
"1541348753839","GET","66","200"
"1541348753906","GET","72","200"
"1541348753978","GET","73","200"
"1541348754051","GET","75","200"
"1541348754126","GET","71","200"
"1541348754197","GET","67","200"
"1541348754264","GET","146","200"
"1541348754410","GET","71","200"
"1541348754481","GET","68","200"
"1541348754549","GET","70","200"
"1541348754619","GET","68","200"
"1541348754687","GET","68","200"
"1541348754756","GET","65","200"
"1541348754821","GET","72","200"
"1541348754893","GET","66","200"
"1541348754959","GET","72","200"
"1541348755031","GET","66","200"
"1541348755097","GET","111","200"
"1541348755208","GET","77","200"
"1541348755285","GET","69","200"
"1541348755354","GET","71","200"
"1541348755425","GET","72","200"
"1541348755497","GET","66","200"
"1541348755563","GET","71","200"
"1541348755634","GET","66","200"
"1541348755700","GET","71","200"
"1541348755771","GET","70","200"
"1541348755841","GET","81","200"
"1541348755922","GET","66","200"
"1541348755988","GET","67","200"
"1541348756055","GET","69","200"
"1541348756124","GET","66","200"
"1541348756190","GET","65","200"
"1541348756255","GET","70","200"
"1541348756325","GET","97","200"
"1541348756422","GET","71","200"
"1541348756493","GET","71","200"
"1541348756565","GET","69","200"
"1541348756634","GET","68","200"
"1541348756702","GET","69","200"
"1541348756771","GET","67","200"
"1541348756838","GET","154","200"
"1541348756992","GET","149","200"
"1541348757146","GET","107","200"
"1541348757253","GET","113","200"
"1541348757366","GET","81","200"
"1541348757447","GET","73","200"
"1541348757520","GET","71","200"
"1541348757591","GET","72","200"
"1541348757663","GET","70","200"
"1541348757733","GET","87","200"
"1541348757820","GET","71","200"
"1541348749773","GET","92","200"
"1541348749865","GET","67","200"
"1541348749932","GET","77","200"
"1541348750009","GET","66","200"
"1541348750075","GET","70","200"
"1541348750145","GET","68","200"
"1541348750213","GET","67","200"
"1541348750280","GET","119","200"
"1541348750399","GET","89","200"
"1541348750488","GET","70","200"
"1541348750558","GET","69","200"
"1541348750627","GET","74","200"
"1541348750701","GET","74","200"
"1541348750775","GET","68","200"
"1541348750843","GET","68","200"
"1541348750911","GET","82","200"
"1541348750993","GET","68","200"
"1541348751061","GET","67","200"
"1541348751128","GET","67","200"
"1541348751195","GET","69","200"
"1541348751264","GET","71","200"
"1541348751335","GET","67","200"
"1541348751402","GET","69","200"
"1541348751471","GET","72","200"
"1541348751543","GET","72","200"
"1541348751615","GET","68","200"
"1541348751683","GET","112","200"
"1541348751795","GET","68","200"
"1541348751863","GET","130","200"
"1541348751993","GET","68","200"
"1541348752061","GET","69","200"
"1541348752130","GET","75","200"
"1541348752205","GET","65","200"
"1541348752270","GET","70","200"
"1541348752340","GET","69","200"
"1541348752409","GET","85","200"
"1541348752494","GET","72","200"
"1541348752566","GET","65","200"
"1541348752631","GET","67","200"
"1541348752699","GET","68","200"
"1541348752767","GET","69","200"
"1541348752836","GET","156","200"
"1541348752992","GET","64","200"
"1541348753056","GET","67","200"
"1541348753123","GET","67","200"
"1541348753190","GET","69","200"
"1541348753259","GET","66","200"
"1541348753325","GET","91","200"
"1541348753416","GET","64","200"
"1541348753480","GET","62","200"
"1541348753542","GET","87","200"
"1541348753629","GET","69","200"
"1541348753698","GET","70","200"
"1541348753768","GET","71","200"
"1541348753839","GET","78","200"
"1541348753917","GET","67","200"
"1541348753984","GET","78","200"
"1541348754062","GET","76","200"
"1541348754138","GET","71","200"
"1541348754209","GET","68","200"
"1541348754277","GET","74","200"
"1541348754351","GET","117","200"
"1541348754468","GET","133","200"
"1541348754601","GET","103","200"
"1541348754704","GET","66","200"
"1541348754770","GET","68","200"
"1541348754838","GET","67","200"
"1541348754905","GET","68","200"
"1541348754973","GET","69","200"
"1541348755042","GET","65","200"
"1541348755107","GET","69","200"
"1541348755176","GET","131","200"
"1541348755307","GET","184","200"
"1541348755491","GET","163","200"
"1541348755654","GET","91","200"
"1541348755745","GET","158","200"
"1541348755903","GET","68","200"
"1541348755971","GET","67","200"
"1541348756038","GET","65","200"
"1541348756103","GET","63","200"
"1541348756166","GET","67","200"
"1541348756233","GET","69","200"
"1541348756302","GET","71","200"
"1541348756374","GET","68","200"
"1541348756442","GET","68","200"
"1541348756510","GET","66","200"
"1541348756576","GET","67","200"
"1541348756643","GET","76","200"
"1541348756719","GET","72","200"
"1541348756791","GET","105","200"
"1541348756896","GET","70","200"
"1541348756966","GET","175","200"
"1541348757141","GET","93","200"
"1541348757234","GET","111","200"
"1541348757345","GET","92","200"
"1541348757437","GET","68","200"
"1541348757506","GET","96","200"
"1541348757602","GET","76","200"
"1541348757678","GET","71","200"
"1541348757749","GET","159","200"
"1541348750443","GET","70","200"
"1541348750513","GET","67","200"
"1541348750580","GET","63","200"
"1541348750643","GET","66","200"
"1541348750709","GET","69","200"
"1541348750778","GET","69","200"
"1541348750847","GET","70","200"
"1541348750917","GET","68","200"
"1541348750985","GET","110","200"
"1541348751095","GET","67","200"
"1541348751162","GET","68","200"
"1541348751230","GET","74","200"
"1541348751304","GET","108","200"
"1541348751412","GET","90","200"
"1541348751502","GET","121","200"
"1541348751623","GET","75","200"
"1541348751698","GET","69","200"
"1541348751767","GET","127","200"
"1541348751894","GET","68","200"
"1541348751962","GET","150","200"
"1541348752112","GET","73","200"
"1541348752185","GET","65","200"
"1541348752250","GET","69","200"
"1541348752319","GET","70","200"
"1541348752389","GET","68","200"
"1541348752457","GET","66","200"
"1541348752523","GET","63","200"
"1541348752586","GET","65","200"
"1541348752651","GET","68","200"
"1541348752719","GET","69","200"
"1541348752788","GET","66","200"
"1541348752854","GET","70","200"
"1541348752924","GET","66","200"
"1541348752990","GET","67","200"
"1541348753057","GET","69","200"
"1541348753126","GET","74","200"
"1541348753200","GET","67","200"
"1541348753267","GET","69","200"
"1541348753336","GET","67","200"
"1541348753403","GET","67","200"
"1541348753470","GET","72","200"
"1541348753542","GET","68","200"
"1541348753610","GET","65","200"
"1541348753675","GET","70","200"
"1541348753745","GET","74","200"
"1541348753819","GET","73","200"
"1541348753892","GET","110","200"
"1541348754002","GET","75","200"
"1541348754078","GET","67","200"
"1541348754145","GET","74","200"
"1541348754219","GET","73","200"
"1541348754292","GET","68","200"
"1541348754360","GET","76","200"
"1541348754436","GET","67","200"
"1541348754503","GET","112","200"
"1541348754615","GET","70","200"
"1541348754685","GET","68","200"
"1541348754753","GET","68","200"
"1541348754821","GET","67","200"
"1541348754888","GET","78","200"
"1541348754966","GET","67","200"
"1541348755033","GET","67","200"
"1541348755100","GET","74","200"
"1541348755174","GET","68","200"
"1541348755242","GET","72","200"
"1541348755314","GET","70","200"
"1541348755384","GET","67","200"
"1541348755451","GET","66","200"
"1541348755517","GET","65","200"
"1541348755582","GET","68","200"
"1541348755650","GET","67","200"
"1541348755717","GET","70","200"
"1541348755787","GET","108","200"
"1541348755895","GET","68","200"
"1541348755963","GET","68","200"
"1541348756031","GET","68","200"
"1541348756099","GET","71","200"
"1541348756170","GET","64","200"
"1541348756234","GET","67","200"
"1541348756301","GET","68","200"
"1541348756369","GET","73","200"
"1541348756442","GET","77","200"
"1541348756519","GET","75","200"
"1541348756594","GET","101","200"
"1541348756695","GET","72","200"
"1541348756767","GET","69","200"
"1541348756836","GET","69","200"
"1541348756905","GET","71","200"
"1541348756976","GET","67","200"
"1541348757043","GET","123","200"
"1541348757166","GET","87","200"
"1541348757253","GET","92","200"
"1541348757345","GET","102","200"
"1541348757447","GET","73","200"
"1541348757520","GET","69","200"
"1541348757589","GET","115","200"
"1541348757704","GET","106","200"
"1541348757810","GET","69","200"
"1541348757879","GET","68","200"
"1541348757947","GET","69","200"
"1541348750395","GET","66","200"
"1541348750461","GET","68","200"
"1541348750529","GET","67","200"
"1541348750596","GET","66","200"
"1541348750662","GET","65","200"
"1541348750727","GET","66","200"
"1541348750793","GET","71","200"
"1541348750864","GET","65","200"
"1541348750929","GET","67","200"
"1541348750996","GET","65","200"
"1541348751061","GET","69","200"
"1541348751130","GET","64","200"
"1541348751194","GET","69","200"
"1541348751263","GET","65","200"
"1541348751328","GET","71","200"
"1541348751399","GET","70","200"
"1541348751469","GET","69","200"
"1541348751538","GET","68","200"
"1541348751606","GET","65","200"
"1541348751671","GET","70","200"
"1541348751741","GET","69","200"
"1541348751810","GET","73","200"
"1541348751883","GET","122","200"
"1541348752005","GET","67","200"
"1541348752072","GET","69","200"
"1541348752141","GET","69","200"
"1541348752211","GET","70","200"
"1541348752281","GET","76","200"
"1541348752357","GET","67","200"
"1541348752424","GET","97","200"
"1541348752521","GET","70","200"
"1541348752591","GET","71","200"
"1541348752662","GET","68","200"
"1541348752730","GET","67","200"
"1541348752797","GET","68","200"
"1541348752865","GET","128","200"
"1541348752993","GET","65","200"
"1541348753058","GET","71","200"
"1541348753129","GET","67","200"
"1541348753196","GET","94","200"
"1541348753290","GET","67","200"
"1541348753357","GET","147","200"
"1541348753504","GET","88","200"
"1541348753592","GET","72","200"
"1541348753665","GET","76","200"
"1541348753741","GET","68","200"
"1541348753809","GET","68","200"
"1541348753877","GET","73","200"
"1541348753950","GET","69","200"
"1541348754019","GET","89","200"
"1541348754108","GET","67","200"
"1541348754175","GET","72","200"
"1541348754247","GET","63","200"
"1541348754310","GET","69","200"
"1541348754379","GET","70","200"
"1541348754449","GET","69","200"
"1541348754518","GET","69","200"
"1541348754587","GET","67","200"
"1541348754654","GET","153","200"
"1541348754807","GET","65","200"
"1541348754872","GET","72","200"
"1541348754944","GET","69","200"
"1541348755013","GET","85","200"
"1541348755098","GET","69","200"
"1541348755167","GET","72","200"
"1541348755239","GET","78","200"
"1541348755317","GET","70","200"
"1541348755387","GET","65","200"
"1541348755452","GET","72","200"
"1541348755524","GET","70","200"
"1541348755594","GET","72","200"
"1541348755666","GET","79","200"
"1541348755745","GET","69","200"
"1541348755814","GET","66","200"
"1541348755880","GET","69","200"
"1541348755949","GET","142","200"
"1541348756091","GET","84","200"
"1541348756175","GET","68","200"
"1541348756243","GET","68","200"
"1541348756311","GET","67","200"
"1541348756378","GET","71","200"
"1541348756449","GET","72","200"
"1541348756521","GET","70","200"
"1541348756591","GET","70","200"
"1541348756661","GET","68","200"
"1541348756729","GET","71","200"
"1541348756800","GET","95","200"
"1541348756895","GET","69","200"
"1541348756964","GET","69","200"
"1541348757033","GET","108","200"
"1541348757141","GET","112","200"
"1541348757253","GET","92","200"
"1541348757345","GET","160","200"
"1541348757505","GET","72","200"
"1541348757577","GET","73","200"
"1541348757650","GET","72","200"
"1541348757722","GET","81","200"
"1541348757803","GET","72","200"
"1541348757875","GET","75","200"
"1541348757950","GET","74","200"
"1541348750423","GET","71","200"
"1541348750494","GET","67","200"
"1541348750561","GET","68","200"
"1541348750629","GET","68","200"
"1541348750697","GET","69","200"
"1541348750766","GET","71","200"
"1541348750837","GET","71","200"
"1541348750908","GET","62","200"
"1541348750970","GET","65","200"
"1541348751035","GET","85","200"
"1541348751120","GET","66","200"
"1541348751186","GET","66","200"
"1541348751252","GET","69","200"
"1541348751321","GET","73","200"
"1541348751394","GET","67","200"
"1541348751461","GET","68","200"
"1541348751529","GET","65","200"
"1541348751594","GET","99","200"
"1541348751693","GET","74","200"
"1541348751767","GET","67","200"
"1541348751834","GET","65","200"
"1541348751899","GET","69","200"
"1541348751968","GET","69","200"
"1541348752037","GET","76","200"
"1541348752113","GET","69","200"
"1541348752182","GET","69","200"
"1541348752251","GET","64","200"
"1541348752315","GET","116","200"
"1541348752431","GET","67","200"
"1541348752498","GET","65","200"
"1541348752563","GET","67","200"
"1541348752630","GET","74","200"
"1541348752704","GET","131","200"
"1541348752835","GET","156","200"
"1541348752991","GET","68","200"
"1541348753059","GET","71","200"
"1541348753130","GET","72","200"
"1541348753202","GET","73","200"
"1541348753275","GET","71","200"
"1541348753346","GET","66","200"
"1541348753412","GET","66","200"
"1541348753478","GET","69","200"
"1541348753548","GET","79","200"
"1541348753627","GET","65","200"
"1541348753692","GET","118","200"
"1541348753810","GET","67","200"
"1541348753877","GET","66","200"
"1541348753943","GET","68","200"
"1541348754011","GET","68","200"
"1541348754079","GET","69","200"
"1541348754148","GET","191","200"
"1541348754339","GET","73","200"
"1541348754412","GET","65","200"
"1541348754477","GET","70","200"
"1541348754547","GET","66","200"
"1541348754613","GET","64","200"
"1541348754677","GET","72","200"
"1541348754749","GET","133","200"
"1541348754882","GET","70","200"
"1541348754952","GET","68","200"
"1541348755020","GET","66","200"
"1541348755086","GET","67","200"
"1541348755153","GET","69","200"
"1541348755222","GET","63","200"
"1541348755285","GET","69","200"
"1541348755354","GET","71","200"
"1541348755425","GET","72","200"
"1541348755497","GET","71","200"
"1541348755568","GET","67","200"
"1541348755635","GET","68","200"
"1541348755703","GET","66","200"
"1541348755769","GET","67","200"
"1541348755836","GET","87","200"
"1541348755923","GET","67","200"
"1541348755990","GET","72","200"
"1541348756062","GET","83","200"
"1541348756145","GET","67","200"
"1541348756212","GET","67","200"
"1541348756279","GET","72","200"
"1541348756351","GET","68","200"
"1541348756420","GET","101","200"
"1541348756521","GET","67","200"
"1541348756588","GET","84","200"
"1541348756672","GET","67","200"
"1541348756739","GET","73","200"
"1541348756812","GET","67","200"
"1541348756879","GET","68","200"
"1541348756947","GET","72","200"
"1541348757019","GET","95","200"
"1541348757114","GET","96","200"
"1541348757210","GET","135","200"
"1541348757345","GET","76","200"
"1541348757421","GET","84","200"
"1541348757505","GET","70","200"
"1541348757575","GET","89","200"
"1541348757664","GET","69","200"
"1541348757733","GET","70","200"
"1541348757803","GET","70","200"
"1541348757873","GET","139","200"
"1541348758012","GET","68","200"
"1541348750403","GET","71","200"
"1541348750474","GET","66","200"
"1541348750540","GET","73","200"
"1541348750613","GET","69","200"
"1541348750682","GET","68","200"
"1541348750750","GET","68","200"
"1541348750818","GET","70","200"
"1541348750888","GET","67","200"
"1541348750955","GET","74","200"
"1541348751029","GET","67","200"
"1541348751096","GET","66","200"
"1541348751162","GET","67","200"
"1541348751229","GET","67","200"
"1541348751296","GET","112","200"
"1541348751408","GET","101","200"
"1541348751509","GET","66","200"
"1541348751575","GET","91","200"
"1541348751666","GET","72","200"
"1541348751738","GET","72","200"
"1541348751810","GET","90","200"
"1541348751900","GET","68","200"
"1541348751968","GET","66","200"
"1541348752034","GET","67","200"
"1541348752101","GET","65","200"
"1541348752166","GET","71","200"
"1541348752237","GET","67","200"
"1541348752304","GET","73","200"
"1541348752377","GET","68","200"
"1541348752445","GET","70","200"
"1541348752515","GET","66","200"
"1541348752581","GET","64","200"
"1541348752645","GET","67","200"
"1541348752712","GET","65","200"
"1541348752777","GET","68","200"
"1541348752845","GET","72","200"
"1541348752917","GET","121","200"
"1541348753038","GET","68","200"
"1541348753106","GET","67","200"
"1541348753173","GET","66","200"
"1541348753239","GET","68","200"
"1541348753307","GET","71","200"
"1541348753378","GET","82","200"
"1541348753460","GET","74","200"
"1541348753534","GET","68","200"
"1541348753602","GET","68","200"
"1541348753670","GET","71","200"
"1541348753741","GET","66","200"
"1541348753807","GET","70","200"
"1541348753877","GET","81","200"
"1541348753958","GET","80","200"
"1541348754038","GET","104","200"
"1541348754142","GET","69","200"
"1541348754211","GET","70","200"
"1541348754281","GET","73","200"
"1541348754354","GET","78","200"
"1541348754432","GET","70","200"
"1541348754502","GET","69","200"
"1541348754571","GET","160","200"
"1541348754731","GET","71","200"
"1541348754802","GET","65","200"
"1541348754867","GET","70","200"
"1541348754937","GET","68","200"
"1541348755005","GET","68","200"
"1541348755073","GET","72","200"
"1541348755145","GET","75","200"
"1541348755220","GET","69","200"
"1541348755289","GET","65","200"
"1541348755354","GET","75","200"
"1541348755430","GET","70","200"
"1541348755500","GET","95","200"
"1541348755595","GET","66","200"
"1541348755661","GET","84","200"
"1541348755745","GET","67","200"
"1541348755813","GET","68","200"
"1541348755881","GET","67","200"
"1541348755948","GET","69","200"
"1541348756017","GET","113","200"
"1541348756130","GET","120","200"
"1541348756250","GET","71","200"
"1541348756321","GET","68","200"
"1541348756389","GET","107","200"
"1541348756496","GET","128","200"
"1541348756624","GET","72","200"
"1541348756696","GET","125","200"
"1541348756821","GET","70","200"
"1541348756891","GET","67","200"
"1541348756958","GET","71","200"
"1541348757029","GET","112","200"
"1541348757146","GET","107","200"
"1541348757253","GET","92","200"
"1541348757345","GET","160","200"
"1541348757505","GET","71","200"
"1541348757576","GET","82","200"
"1541348757658","GET","73","200"
"1541348757731","GET","81","200"
"1541348757813","GET","100","200"
"1541348757913","GET","66","200"
"1541348757979","GET","65","200"
"1541348758044","GET","67","200"
"1541348758111","GET","68","200"
"1541348750401","GET","99","200"
"1541348750500","GET","67","200"
"1541348750567","GET","67","200"
"1541348750634","GET","70","200"
"1541348750704","GET","70","200"
"1541348750774","GET","69","200"
"1541348750843","GET","77","200"
"1541348750920","GET","69","200"
"1541348750989","GET","68","200"
"1541348751057","GET","144","200"
"1541348751201","GET","67","200"
"1541348751268","GET","77","200"
"1541348751345","GET","85","200"
"1541348751430","GET","73","200"
"1541348751503","GET","67","200"
"1541348751570","GET","63","200"
"1541348751633","GET","71","200"
"1541348751704","GET","67","200"
"1541348751771","GET","132","200"
"1541348751903","GET","72","200"
"1541348751975","GET","66","200"
"1541348752041","GET","68","200"
"1541348752109","GET","66","200"
"1541348752175","GET","67","200"
"1541348752242","GET","67","200"
"1541348752309","GET","81","200"
"1541348752390","GET","77","200"
"1541348752467","GET","67","200"
"1541348752534","GET","69","200"
"1541348752603","GET","68","200"
"1541348752671","GET","67","200"
"1541348752738","GET","67","200"
"1541348752805","GET","90","200"
"1541348752895","GET","66","200"
"1541348752961","GET","112","200"
"1541348753073","GET","67","200"
"1541348753140","GET","68","200"
"1541348753208","GET","66","200"
"1541348753274","GET","66","200"
"1541348753340","GET","65","200"
"1541348753405","GET","70","200"
"1541348753475","GET","66","200"
"1541348753541","GET","69","200"
"1541348753610","GET","70","200"
"1541348753680","GET","69","200"
"1541348753749","GET","66","200"
"1541348753815","GET","80","200"
"1541348753895","GET","96","200"
"1541348753991","GET","68","200"
"1541348754059","GET","67","200"
"1541348754126","GET","71","200"
"1541348754197","GET","86","200"
"1541348754283","GET","71","200"
"1541348754354","GET","63","200"
"1541348754417","GET","67","200"
"1541348754484","GET","134","200"
"1541348754618","GET","64","200"
"1541348754682","GET","65","200"
"1541348754747","GET","72","200"
"1541348754819","GET","66","200"
"1541348754885","GET","69","200"
"1541348754954","GET","71","200"
"1541348755025","GET","63","200"
"1541348755088","GET","204","200"
"1541348755292","GET","66","200"
"1541348755358","GET","139","200"
"1541348755497","GET","67","200"
"1541348755564","GET","70","200"
"1541348755634","GET","68","200"
"1541348755702","GET","121","200"
"1541348755823","GET","66","200"
"1541348755889","GET","74","200"
"1541348755963","GET","68","200"
"1541348756032","GET","66","200"
"1541348756098","GET","103","200"
"1541348756201","GET","120","200"
"1541348756321","GET","69","200"
"1541348756390","GET","66","200"
"1541348756456","GET","67","200"
"1541348756523","GET","81","200"
"1541348756604","GET","68","200"
"1541348756672","GET","67","200"
"1541348756739","GET","68","200"
"1541348756807","GET","92","200"
"1541348756899","GET","68","200"
"1541348756967","GET","71","200"
"1541348757038","GET","103","200"
"1541348757141","GET","112","200"
"1541348757253","GET","162","200"
"1541348757415","GET","73","200"
"1541348757488","GET","69","200"
"1541348757557","GET","67","200"
"1541348757624","GET","73","200"
"1541348757697","GET","72","200"
"1541348757769","GET","68","200"
"1541348757837","GET","71","200"
"1541348757908","GET","68","200"
"1541348757976","GET","71","200"
"1541348758047","GET","74","200"
"1541348758121","GET","72","200"
"1541348750597","GET","67","200"
"1541348750664","GET","68","200"
"1541348750732","GET","74","200"
"1541348750806","GET","64","200"
"1541348750870","GET","66","200"
"1541348750936","GET","71","200"
"1541348751007","GET","75","200"
"1541348751082","GET","64","200"
"1541348751146","GET","68","200"
"1541348751214","GET","66","200"
"1541348751280","GET","65","200"
"1541348751345","GET","75","200"
"1541348751420","GET","67","200"
"1541348751487","GET","74","200"
"1541348751561","GET","68","200"
"1541348751629","GET","119","200"
"1541348751748","GET","66","200"
"1541348751814","GET","68","200"
"1541348751882","GET","64","200"
"1541348751946","GET","68","200"
"1541348752014","GET","89","200"
"1541348752103","GET","108","200"
"1541348752211","GET","70","200"
"1541348752281","GET","65","200"
"1541348752346","GET","69","200"
"1541348752415","GET","66","200"
"1541348752481","GET","70","200"
"1541348752551","GET","69","200"
"1541348752620","GET","62","200"
"1541348752682","GET","71","200"
"1541348752753","GET","67","200"
"1541348752820","GET","84","200"
"1541348752904","GET","100","200"
"1541348753004","GET","64","200"
"1541348753068","GET","70","200"
"1541348753138","GET","70","200"
"1541348753208","GET","66","200"
"1541348753274","GET","65","200"
"1541348753339","GET","64","200"
"1541348753403","GET","71","200"
"1541348753474","GET","67","200"
"1541348753541","GET","67","200"
"1541348753608","GET","64","200"
"1541348753672","GET","67","200"
"1541348753739","GET","70","200"
"1541348753809","GET","68","200"
"1541348753877","GET","71","200"
"1541348753948","GET","144","200"
"1541348754092","GET","86","200"
"1541348754178","GET","66","200"
"1541348754244","GET","68","200"
"1541348754312","GET","67","200"
"1541348754379","GET","66","200"
"1541348754445","GET","73","200"
"1541348754518","GET","64","200"
"1541348754582","GET","70","200"
"1541348754652","GET","68","200"
"1541348754720","GET","74","200"
"1541348754794","GET","70","200"
"1541348754864","GET","64","200"
"1541348754928","GET","72","200"
"1541348755000","GET","69","200"
"1541348755069","GET","68","200"
"1541348755137","GET","70","200"
"1541348755207","GET","65","200"
"1541348755272","GET","127","200"
"1541348755399","GET","66","200"
"1541348755465","GET","72","200"
"1541348755537","GET","70","200"
"1541348755607","GET","136","200"
"1541348755743","GET","67","200"
"1541348755810","GET","77","200"
"1541348755887","GET","134","200"
"1541348756021","GET","68","200"
"1541348756089","GET","70","200"
"1541348756159","GET","70","200"
"1541348756229","GET","68","200"
"1541348756297","GET","72","200"
"1541348756369","GET","74","200"
"1541348756443","GET","69","200"
"1541348756512","GET","81","200"
"1541348756593","GET","70","200"
"1541348756663","GET","76","200"
"1541348756739","GET","76","200"
"1541348756815","GET","105","200"
"1541348756920","GET","118","200"
"1541348757038","GET","103","200"
"1541348757146","GET","132","200"
"1541348757278","GET","111","200"
"1541348757389","GET","89","200"
"1541348757478","GET","68","200"
"1541348757546","GET","101","200"
"1541348757647","GET","72","200"
"1541348757719","GET","70","200"
"1541348757789","GET","102","200"
"1541348757891","GET","70","200"
"1541348757962","GET","68","200"
"1541348758030","GET","65","200"
"1541348758095","GET","100","200"
"1541348758195","GET","69","200"
"1541348750458","GET","67","200"
"1541348750525","GET","70","200"
"1541348750595","GET","65","200"
"1541348750660","GET","69","200"
"1541348750729","GET","65","200"
"1541348750794","GET","74","200"
"1541348750868","GET","72","200"
"1541348750940","GET","67","200"
"1541348751007","GET","68","200"
"1541348751075","GET","64","200"
"1541348751139","GET","71","200"
"1541348751210","GET","69","200"
"1541348751279","GET","66","200"
"1541348751345","GET","73","200"
"1541348751418","GET","69","200"
"1541348751487","GET","65","200"
"1541348751552","GET","68","200"
"1541348751620","GET","75","200"
"1541348751695","GET","73","200"
"1541348751768","GET","68","200"
"1541348751836","GET","69","200"
"1541348751905","GET","67","200"
"1541348751972","GET","102","200"
"1541348752074","GET","67","200"
"1541348752141","GET","69","200"
"1541348752210","GET","83","200"
"1541348752293","GET","66","200"
"1541348752359","GET","66","200"
"1541348752425","GET","69","200"
"1541348752494","GET","132","200"
"1541348752626","GET","66","200"
"1541348752692","GET","66","200"
"1541348752758","GET","71","200"
"1541348752829","GET","68","200"
"1541348752897","GET","70","200"
"1541348752967","GET","65","200"
"1541348753032","GET","67","200"
"1541348753099","GET","94","200"
"1541348753193","GET","75","200"
"1541348753268","GET","65","200"
"1541348753333","GET","73","200"
"1541348753406","GET","63","200"
"1541348753469","GET","72","200"
"1541348753541","GET","70","200"
"1541348753611","GET","66","200"
"1541348753677","GET","68","200"
"1541348753746","GET","68","200"
"1541348753814","GET","63","200"
"1541348753878","GET","65","200"
"1541348753943","GET","68","200"
"1541348754011","GET","68","200"
"1541348754079","GET","69","200"
"1541348754148","GET","68","200"
"1541348754216","GET","73","200"
"1541348754289","GET","67","200"
"1541348754356","GET","158","200"
"1541348754514","GET","66","200"
"1541348754580","GET","70","200"
"1541348754650","GET","74","200"
"1541348754724","GET","68","200"
"1541348754792","GET","119","200"
"1541348754911","GET","67","200"
"1541348754978","GET","66","200"
"1541348755044","GET","92","200"
"1541348755136","GET","71","200"
"1541348755207","GET","70","200"
"1541348755277","GET","70","200"
"1541348755347","GET","67","200"
"1541348755414","GET","67","200"
"1541348755481","GET","211","200"
"1541348755692","GET","202","200"
"1541348755894","GET","64","200"
"1541348755958","GET","68","200"
"1541348756026","GET","66","200"
"1541348756092","GET","74","200"
"1541348756166","GET","73","200"
"1541348756239","GET","68","200"
"1541348756307","GET","67","200"
"1541348756374","GET","67","200"
"1541348756441","GET","69","200"
"1541348756510","GET","67","200"
"1541348756577","GET","72","200"
"1541348756649","GET","81","200"
"1541348756730","GET","94","200"
"1541348756824","GET","71","200"
"1541348756895","GET","66","200"
"1541348756961","GET","71","200"
"1541348757032","GET","109","200"
"1541348757146","GET","107","200"
"1541348757253","GET","92","200"
"1541348757345","GET","76","200"
"1541348757421","GET","84","200"
"1541348757506","GET","70","200"
"1541348757576","GET","137","200"
"1541348757713","GET","117","200"
"1541348757830","GET","76","200"
"1541348757906","GET","70","200"
"1541348757976","GET","202","200"
"1541348758178","GET","78","200"
"1541348758256","GET","74","200"
"1541348750710","GET","67","200"
"1541348750777","GET","67","200"
"1541348750844","GET","67","200"
"1541348750911","GET","104","200"
"1541348751015","GET","73","200"
"1541348751088","GET","67","200"
"1541348751155","GET","69","200"
"1541348751224","GET","70","200"
"1541348751294","GET","70","200"
"1541348751364","GET","69","200"
"1541348751433","GET","67","200"
"1541348751500","GET","67","200"
"1541348751567","GET","65","200"
"1541348751632","GET","68","200"
"1541348751700","GET","67","200"
"1541348751767","GET","69","200"
"1541348751836","GET","69","200"
"1541348751905","GET","65","200"
"1541348751970","GET","67","200"
"1541348752037","GET","71","200"
"1541348752108","GET","69","200"
"1541348752177","GET","77","200"
"1541348752254","GET","67","200"
"1541348752321","GET","68","200"
"1541348752389","GET","69","200"
"1541348752458","GET","76","200"
"1541348752534","GET","69","200"
"1541348752603","GET","69","200"
"1541348752672","GET","67","200"
"1541348752739","GET","67","200"
"1541348752806","GET","69","200"
"1541348752875","GET","106","200"
"1541348752981","GET","64","200"
"1541348753045","GET","67","200"
"1541348753112","GET","70","200"
"1541348753182","GET","69","200"
"1541348753251","GET","70","200"
"1541348753321","GET","67","200"
"1541348753388","GET","71","200"
"1541348753459","GET","68","200"
"1541348753527","GET","66","200"
"1541348753593","GET","65","200"
"1541348753658","GET","69","200"
"1541348753727","GET","68","200"
"1541348753795","GET","82","200"
"1541348753877","GET","119","200"
"1541348753996","GET","67","200"
"1541348754063","GET","66","200"
"1541348754129","GET","71","200"
"1541348754200","GET","65","200"
"1541348754265","GET","69","200"
"1541348754334","GET","67","200"
"1541348754401","GET","67","200"
"1541348754468","GET","66","200"
"1541348754534","GET","67","200"
"1541348754601","GET","69","200"
"1541348754670","GET","73","200"
"1541348754743","GET","72","200"
"1541348754815","GET","71","200"
"1541348754886","GET","206","200"
"1541348755092","GET","73","200"
"1541348755165","GET","67","200"
"1541348755232","GET","71","200"
"1541348755303","GET","67","200"
"1541348755370","GET","70","200"
"1541348755440","GET","77","200"
"1541348755517","GET","73","200"
"1541348755590","GET","65","200"
"1541348755655","GET","90","200"
"1541348755745","GET","66","200"
"1541348755811","GET","111","200"
"1541348755922","GET","131","200"
"1541348756053","GET","77","200"
"1541348756130","GET","71","200"
"1541348756201","GET","75","200"
"1541348756276","GET","105","200"
"1541348756381","GET","70","200"
"1541348756451","GET","70","200"
"1541348756521","GET","70","200"
"1541348756592","GET","132","200"
"1541348756724","GET","70","200"
"1541348756794","GET","69","200"
"1541348756863","GET","65","200"
"1541348756928","GET","161","200"
"1541348757089","GET","98","200"
"1541348757187","GET","110","200"
"1541348757297","GET","94","200"
"1541348757391","GET","93","200"
"1541348757484","GET","70","200"
"1541348757554","GET","69","200"
"1541348757623","GET","68","200"
"1541348757691","GET","132","200"
"1541348757823","GET","66","200"
"1541348757889","GET","66","200"
"1541348757955","GET","72","200"
"1541348758027","GET","68","200"
"1541348758095","GET","74","200"
"1541348758169","GET","87","200"
"1541348758256","GET","70","200"
"1541348758326","GET","69","200"
